package name,package version,MSC ID
02-echo,0.0.7,MSC-2025-10985
@accordproject/concerto-analysis,3.24.1,MSC-2025-10985
@accordproject/concerto-linter,3.24.1,MSC-2025-10985
@accordproject/concerto-linter-default-ruleset,3.24.1,MSC-2025-10985
@accordproject/concerto-metamodel,3.12.5,MSC-2025-10985
@accordproject/concerto-types,3.24.1,MSC-2025-10985
@accordproject/markdown-it-cicero,0.16.26,MSC-2025-10985
@accordproject/template-engine,2.7.2,MSC-2025-10985
@actbase/css-to-react-native-transform,1.0.3,MSC-2025-10983
@actbase/native,0.1.32,MSC-2025-10983
@actbase/node-server,1.1.19,MSC-2025-10983
@actbase/react-absolute,0.8.3,MSC-2025-10983
@actbase/react-daum-postcode,1.0.5,MSC-2025-10983
@actbase/react-kakaosdk,0.9.27,MSC-2025-10983
@actbase/react-native-actionsheet,1.0.3,MSC-2025-10983
@actbase/react-native-devtools,0.1.3,MSC-2025-10981
@actbase/react-native-fast-image,8.5.13,MSC-2025-10983
@actbase/react-native-kakao-channel,1.0.2,MSC-2025-10983
@actbase/react-native-kakao-navi,2.0.4,MSC-2025-10983
@actbase/react-native-less-transformer,1.0.6,MSC-2025-10983
@actbase/react-native-naver-login,1.0.1,MSC-2025-10983
@actbase/react-native-simple-video,1.0.13,MSC-2025-10983
@actbase/react-native-tiktok,1.1.3,MSC-2025-10983
@afetcan/api,0.0.13,MSC-2025-10985
@afetcan/storage,0.0.27,MSC-2025-10985
@ahmedhfarag/ngx-perfect-scrollbar,20.0.20,MSC-2025-8060
@ahmedhfarag/ngx-virtual-scroller,4.0.4,MSC-2025-8064
@alaan/s2s-auth,2.0.3,MSC-2025-10985
@alexadark/amadeus-api,1.0.4,MSC-2025-10985
@alexadark/gatsby-theme-events,1.0.1,MSC-2025-10985
@alexadark/gatsby-theme-wordpress-blog,2.0.1,MSC-2025-10985
@alexadark/reusable-functions,1.5.1,MSC-2025-10985
@alexcolls/nuxt-socket.io,0.0.7,MSC-2025-10983
@alexcolls/nuxt-socket.io,0.0.8,MSC-2025-10983
@alexcolls/nuxt-ux,0.6.1,MSC-2025-10983
@alexcolls/nuxt-ux,0.6.2,MSC-2025-10983
@antstackio/eslint-config-antstack,0.0.3,MSC-2025-10985
@antstackio/express-graphql-proxy,0.2.8,MSC-2025-10985
@antstackio/graphql-body-parser,0.1.1,MSC-2025-10985
@antstackio/json-to-graphql,1.0.3,MSC-2025-10985
@antstackio/shelbysam,1.1.7,MSC-2025-10985
@art-ws/common,2.0.22,MSC-2025-8071
@art-ws/common,2.0.28,MSC-2025-8565
@art-ws/config-eslint,2.0.4,MSC-2025-8072
@art-ws/config-eslint,2.0.5,MSC-2025-8073
@art-ws/config-ts,2.0.7,MSC-2025-8076
@art-ws/config-ts,2.0.8,MSC-2025-8074
@art-ws/db-context,2.0.21,MSC-2025-8075
@art-ws/db-context,2.0.24,MSC-2025-8550
@art-ws/di,2.0.28,MSC-2025-8080
@art-ws/di,2.0.32,MSC-2025-8566
@art-ws/di-node,2.0.13,MSC-2025-8078
@art-ws/eslint,1.0.5,MSC-2025-8079
@art-ws/eslint,1.0.6,MSC-2025-8077
@art-ws/fastify-http-server,2.0.24,MSC-2025-8081
@art-ws/fastify-http-server,2.0.27,MSC-2025-8523
@art-ws/http-server,2.0.21,MSC-2025-8083
@art-ws/http-server,2.0.25,MSC-2025-8522
@art-ws/openapi,0.1.12,MSC-2025-8521
@art-ws/openapi,0.1.9,MSC-2025-8082
@art-ws/package-base,1.0.5,MSC-2025-8084
@art-ws/package-base,1.0.6,MSC-2025-8087
@art-ws/prettier,1.0.5,MSC-2025-8089
@art-ws/prettier,1.0.6,MSC-2025-8088
@art-ws/slf,2.0.15,MSC-2025-8085
@art-ws/slf,2.0.22,MSC-2025-8567
@art-ws/ssl-info,1.0.10,MSC-2025-8090
@art-ws/ssl-info,1.0.9,MSC-2025-8091
@art-ws/web-app,1.0.3,MSC-2025-8093
@art-ws/web-app,1.0.4,MSC-2025-8092
@aryanhussain/my-angular-lib,0.0.23,MSC-2025-10983
@asyncapi/avro-schema-parser,3.0.25,MSC-2025-10983
@asyncapi/avro-schema-parser,3.0.26,MSC-2025-10985
@asyncapi/bundler,0.6.5,MSC-2025-10983
@asyncapi/bundler,0.6.6,MSC-2025-10983
@asyncapi/cli,4.1.2,MSC-2025-10983
@asyncapi/cli,4.1.3,MSC-2025-10983
@asyncapi/converter,1.6.3,MSC-2025-10983
@asyncapi/converter,1.6.4,MSC-2025-10985
@asyncapi/diff,0.5.1,MSC-2025-10983
@asyncapi/diff,0.5.2,MSC-2025-10983
@asyncapi/dotnet-rabbitmq-template,1.0.1,MSC-2025-10983
@asyncapi/dotnet-rabbitmq-template,1.0.2,MSC-2025-10983
@asyncapi/edavisualiser,1.2.1,MSC-2025-10983
@asyncapi/edavisualiser,1.2.2,MSC-2025-10983
@asyncapi/generator,2.8.5,MSC-2025-10983
@asyncapi/generator,2.8.6,MSC-2025-10986
@asyncapi/generator-components,0.3.2,MSC-2025-10983
@asyncapi/generator-components,0.3.3,MSC-2025-10983
@asyncapi/generator-helpers,0.2.1,MSC-2025-10983
@asyncapi/generator-helpers,0.2.2,MSC-2025-10986
@asyncapi/generator-react-sdk,1.1.4,MSC-2025-10986
@asyncapi/generator-react-sdk,1.1.5,MSC-2025-10983
@asyncapi/go-watermill-template,0.2.76,MSC-2025-10983
@asyncapi/go-watermill-template,0.2.77,MSC-2025-10983
@asyncapi/html-template,3.3.2,MSC-2025-10983
@asyncapi/html-template,3.3.3,MSC-2025-10983
@asyncapi/java-spring-cloud-stream-template,0.13.5,MSC-2025-10983
@asyncapi/java-spring-cloud-stream-template,0.13.6,MSC-2025-10983
@asyncapi/java-spring-template,1.6.1,MSC-2025-10983
@asyncapi/java-spring-template,1.6.2,MSC-2025-10983
@asyncapi/java-template,0.3.5,MSC-2025-10983
@asyncapi/java-template,0.3.6,MSC-2025-10983
@asyncapi/keeper,0.0.2,MSC-2025-10983
@asyncapi/keeper,0.0.3,MSC-2025-10983
@asyncapi/markdown-template,1.6.8,MSC-2025-10983
@asyncapi/markdown-template,1.6.9,MSC-2025-10983
@asyncapi/modelina,5.10.2,MSC-2025-10983
@asyncapi/modelina,5.10.3,MSC-2025-10986
@asyncapi/modelina-cli,5.10.2,MSC-2025-10983
@asyncapi/modelina-cli,5.10.3,MSC-2025-10983
@asyncapi/multi-parser,2.2.1,MSC-2025-10983
@asyncapi/multi-parser,2.2.2,MSC-2025-10986
@asyncapi/nodejs-template,3.0.5,MSC-2025-10983
@asyncapi/nodejs-template,3.0.6,MSC-2025-10983
@asyncapi/nodejs-ws-template,0.10.1,MSC-2025-10983
@asyncapi/nodejs-ws-template,0.10.2,MSC-2025-10983
@asyncapi/nunjucks-filters,2.1.1,MSC-2025-10983
@asyncapi/nunjucks-filters,2.1.2,MSC-2025-10986
@asyncapi/openapi-schema-parser,3.0.25,MSC-2025-10983
@asyncapi/openapi-schema-parser,3.0.26,MSC-2025-10986
@asyncapi/optimizer,1.0.5,MSC-2025-10983
@asyncapi/optimizer,1.0.6,MSC-2025-10983
@asyncapi/parser,3.4.1,MSC-2025-10983
@asyncapi/parser,3.4.2,MSC-2025-10983
@asyncapi/php-template,0.1.1,MSC-2025-10983
@asyncapi/php-template,0.1.2,MSC-2025-10983
@asyncapi/problem,1.0.1,MSC-2025-10983
@asyncapi/problem,1.0.2,MSC-2025-10983
@asyncapi/protobuf-schema-parser,3.5.2,MSC-2025-10983
@asyncapi/protobuf-schema-parser,3.5.3,MSC-2025-10983
@asyncapi/protobuf-schema-parser,3.6.1,MSC-2025-10983
@asyncapi/python-paho-template,0.2.1.14,MSC-2025-10983
@asyncapi/python-paho-template,0.2.14,
@asyncapi/python-paho-template,0.2.15,MSC-2025-10983
@asyncapi/react-component,2.6.6,MSC-2025-10983
@asyncapi/react-component,2.6.7,MSC-2025-10986
@asyncapi/server-api,0.16.24,
@asyncapi/server-api,0.16.25,MSC-2025-10983
@asyncapi/server-api,0.6.24,MSC-2025-10983
@asyncapi/server-api,0.6.25,
@asyncapi/specs,6.10.1,MSC-2025-10983
@asyncapi/specs,6.8.2,MSC-2025-10983
@asyncapi/specs,6.8.3,
@asyncapi/specs,6.9.1,MSC-2025-10983
@asyncapi/studio,1.0.2,MSC-2025-10983
@asyncapi/studio,1.0.3,MSC-2025-10986
@asyncapi/web-component,2.6.6,MSC-2025-10983
@asyncapi/web-component,2.6.7,MSC-2025-10983
@basic-ui-components-stc/basic-ui-components,1.0.5,MSC-2025-8555
@bdkinc/knex-ibmi,0.5.7,MSC-2025-10986
@browserbasehq/bb9,1.2.21,MSC-2025-10985
@browserbasehq/director-ai,1.0.3,MSC-2025-10985
@browserbasehq/mcp,2.1.1,MSC-2025-10985
@browserbasehq/mcp-server-browserbase,2.4.2,MSC-2025-10985
@browserbasehq/sdk-functions,0.0.4,MSC-2025-10985
@browserbasehq/stagehand,3.0.4,MSC-2025-10985
@browserbasehq/stagehand-docs,1.0.1,MSC-2025-10985
@caretive/caret-cli,0.0.2,MSC-2025-10981
@chtijs/eslint-config,1.0.1,MSC-2025-10986
@clausehq/flows-step-httprequest,0.1.14,MSC-2025-10986
@clausehq/flows-step-jsontoxml,0.1.1.14,MSC-2025-10984
@clausehq/flows-step-jsontoxml,0.1.14,MSC-2025-10986
@clausehq/flows-step-mqtt,0.1.14,MSC-2025-10986
@clausehq/flows-step-sendgridemail,0.1.14,MSC-2025-10985
@clausehq/flows-step-taskscreateurl,0.1.14,MSC-2025-10986
@cllbk/ghl,1.3.1,MSC-2025-10986
@commute/bloom,1.0.3,MSC-2025-10984
@commute/market-data,1.0.2,MSC-2025-10984
@commute/market-data-chartjs,2.3.1,MSC-2025-10985
@coveops/abi,2.0.1,MSC-2025-7948
@crowdstrike/commitlint,8.1.1,MSC-2025-8070
@crowdstrike/commitlint,8.1.2,MSC-2025-8492
@crowdstrike/falcon-shoelace,0.4.1,MSC-2025-8086
@crowdstrike/falcon-shoelace,0.4.2,MSC-2025-8568
@crowdstrike/foundry-js,0.19.1,MSC-2025-8094
@crowdstrike/foundry-js,0.19.2,MSC-2025-8494
@crowdstrike/glide-core,0.34.2,MSC-2025-8339
@crowdstrike/glide-core,0.34.3,MSC-2025-8495
@crowdstrike/logscale-dashboard,1.205.1,MSC-2025-8342
@crowdstrike/logscale-dashboard,1.205.2,MSC-2025-8516
@crowdstrike/logscale-file-editor,1.205.1,MSC-2025-8340
@crowdstrike/logscale-file-editor,1.205.2,MSC-2025-8504
@crowdstrike/logscale-parser-edit,1.205.1,MSC-2025-8338
@crowdstrike/logscale-parser-edit,1.205.2,MSC-2025-8517
@crowdstrike/logscale-search,1.205.1,MSC-2025-8453
@crowdstrike/logscale-search,1.205.2,MSC-2025-8518
@crowdstrike/tailwind-toucan-base,5.0.1,MSC-2025-8385
@crowdstrike/tailwind-toucan-base,5.0.2,MSC-2025-8505
@ctrl/deluge,7.2.1,MSC-2025-7961
@ctrl/deluge,7.2.2,MSC-2025-8402
@ctrl/golang-template,1.4.2,MSC-2025-8448
@ctrl/golang-template,1.4.3,MSC-2025-8421
@ctrl/magnet-link,4.0.3,MSC-2025-8381
@ctrl/magnet-link,4.0.4,MSC-2025-8351
@ctrl/ngx-codemirror,7.0.1,MSC-2025-8394
@ctrl/ngx-codemirror,7.0.2,MSC-2025-8506
@ctrl/ngx-csv,6.0.1,MSC-2025-8446
@ctrl/ngx-csv,6.0.2,MSC-2025-8403
@ctrl/ngx-emoji-mart,9.2.1,MSC-2025-8352
@ctrl/ngx-emoji-mart,9.2.2,MSC-2025-8506
@ctrl/ngx-rightclick,4.0.1,MSC-2025-8364
@ctrl/ngx-rightclick,4.0.2,MSC-2025-8386
@ctrl/qbittorrent,9.7.1,MSC-2025-8437
@ctrl/qbittorrent,9.7.2,MSC-2025-8397
@ctrl/react-adsense,2.0.1,MSC-2025-8478
@ctrl/react-adsense,2.0.2,MSC-2025-8383
@ctrl/shared-torrent,6.3.1,MSC-2025-8355
@ctrl/shared-torrent,6.3.2,MSC-2025-8373
@ctrl/tinycolor,4.1.1,MSC-2025-8488
@ctrl/tinycolor,4.1.2,MSC-2025-8496
@ctrl/torrent-file,4.1.1,MSC-2025-8464
@ctrl/torrent-file,4.1.2,MSC-2025-8384
@ctrl/transmission,7.3.1,MSC-2025-8390
@ctrl/ts-base32,4.0.1,MSC-2025-8431
@ctrl/ts-base32,4.0.2,MSC-2025-8374
@dev-blinq/ai-qa-logic,1.0.19,MSC-2025-10983
@dev-blinq/blinqioclient,1.0.21,MSC-2025-10986
@dev-blinq/cucumber-js,1.0.131,MSC-2025-10986
@dev-blinq/cucumber_client,1.0.738,MSC-2025-10986
@dev-blinq/ui-systems,1.0.93,MSC-2025-10986
@duckdb/duckdb-wasm,1.29.2,MSC-2025-7930
@duckdb/node-api,1.3.3,MSC-2025-7888
@duckdb/node-bindings,1.3.3,MSC-2025-7889
@ensdomains/address-encoder,0.1.5,MSC-2025-10981
@ensdomains/address-encoder,1.1.5,MSC-2025-10986
@ensdomains/blacklist,1.0.1,MSC-2025-10983
@ensdomains/buffer,0.1.2,MSC-2025-10983
@ensdomains/ccip-read-cf-worker,0.0.4,MSC-2025-10983
@ensdomains/ccip-read-dns-gateway,0.1.1,MSC-2025-10983
@ensdomains/ccip-read-router,0.0.7,MSC-2025-10983
@ensdomains/ccip-read-worker-viem,0.0.4,MSC-2025-10983
@ensdomains/content-hash,3.0.1,MSC-2025-10981
@ensdomains/curvearithmetics,1.0.1,MSC-2025-10983
@ensdomains/cypress-metamask,1.2.1,MSC-2025-10983
@ensdomains/dnsprovejs,0.5.3,MSC-2025-10983
@ensdomains/dnssec-oracle-anchors,0.0.2,MSC-2025-10983
@ensdomains/dnssecoraclejs,0.2.9,MSC-2025-10981
@ensdomains/durin,0.1.2,MSC-2025-10983
@ensdomains/durin-middleware,0.0.2,MSC-2025-10983
@ensdomains/ens-archived-contracts,0.0.3,MSC-2025-10981
@ensdomains/ens-avatar,1.0.4,MSC-2025-10983
@ensdomains/ens-contracts,1.6.1,MSC-2025-10981
@ensdomains/ens-test-env,1.0.2,MSC-2025-10983
@ensdomains/ens-validation,0.1.1,MSC-2025-10981
@ensdomains/ensjs,4.0.3,MSC-2025-10981
@ensdomains/ensjs-react,0.0.5,MSC-2025-10983
@ensdomains/eth-ens-namehash,2.0.16,MSC-2025-10983
@ensdomains/hackathon-registrar,1.0.5,MSC-2025-10983
@ensdomains/hardhat-chai-matchers-viem,0.1.15,MSC-2025-10983
@ensdomains/hardhat-toolbox-viem-extended,0.0.6,MSC-2025-10983
@ensdomains/mock,2.1.52,MSC-2025-10981
@ensdomains/name-wrapper,1.0.1,MSC-2025-10983
@ensdomains/offchain-resolver-contracts,0.2.2,MSC-2025-10983
@ensdomains/op-resolver-contracts,0.0.2,MSC-2025-10983
@ensdomains/react-ens-address,0.0.32,MSC-2025-10981
@ensdomains/renewal,0.0.13,MSC-2025-10983
@ensdomains/renewal-widget,0.1.10,MSC-2025-10983
@ensdomains/reverse-records,1.0.1,MSC-2025-10983
@ensdomains/server-analytics,0.0.2,MSC-2025-10983
@ensdomains/solsha1,0.0.4,MSC-2025-10983
@ensdomains/subdomain-registrar,0.2.4,MSC-2025-10983
@ensdomains/test-utils,1.3.1,MSC-2025-10983
@ensdomains/thorin,0.6.51,MSC-2025-10983
@ensdomains/ui,3.4.6,MSC-2025-10983
@ensdomains/unicode-confusables,0.1.1,MSC-2025-10983
@ensdomains/unruggable-gateways,0.0.3,MSC-2025-10983
@ensdomains/vite-plugin-i18next-loader,4.0.4,MSC-2025-10983
@ensdomains/web3modal,1.10.2,MSC-2025-10983
@everreal/react-charts,2.0.2,MSC-2025-10986
@everreal/validate-esmoduleinterop-imports,1.4.4,
@everreal/validate-esmoduleinterop-imports,1.4.5,MSC-2025-10986
@everreal/web-analytics,0.0.1,MSC-2025-10983
@everreal/web-analytics,0.0.2,MSC-2025-10986
@faq-component/core,0.0.4,MSC-2025-10986
@faq-component/react,1.0.1,MSC-2025-10986
@fishingbooker/browser-sync-plugin,1.0.5,MSC-2025-10986
@fishingbooker/react-loader,1.0.7,MSC-2025-10986
@fishingbooker/react-pagination,2.0.6,MSC-2025-10986
@fishingbooker/react-raty,2.0.1,MSC-2025-10986
@fishingbooker/react-swiper,0.1.5,MSC-2025-10985
@hapheus/n8n-nodes-pgp,1.5.0,MSC-2025-10981
@hapheus/n8n-nodes-pgp,1.5.1,MSC-2025-10981
@hestjs/core,0.2.1,MSC-2025-8461
@hestjs/cqrs,0.1.6,MSC-2025-8472
@hestjs/demo,0.1.2,MSC-2025-8414
@hestjs/eslint-config,0.1.2,MSC-2025-8428
@hestjs/logger,0.1.6,MSC-2025-8343
@hestjs/scalar,0.1.7,MSC-2025-8432
@hestjs/validation,0.1.6,MSC-2025-8368
@hover-design/core,0.0.1,MSC-2025-10986
@hover-design/react,0.2.1,MSC-2025-10986
@huntersofbook/auth-vue,0.4.2,MSC-2025-10986
@huntersofbook/core,0.5.1,MSC-2025-10986
@huntersofbook/core-nuxt,0.4.2,MSC-2025-10986
@huntersofbook/form-naiveui,0.5.1,MSC-2025-10986
@huntersofbook/i18n,0.8.2,MSC-2025-10986
@huntersofbook/ui,0.5.1,MSC-2025-10986
@hyperlook/telemetry-sdk,1.0.19,MSC-2025-10986
@ifelsedeveloper/protocol-contracts-svm-idl,0.1.2,MSC-2025-10984
@ifelsedeveloper/protocol-contracts-svm-idl,0.1.3,MSC-2025-10984
@ifings/design-system,4.9.2,MSC-2025-10983
@ifings/metatron3,0.1.5,MSC-2025-10986
@jayeshsadhwani/telemetry-sdk,1.0.14,MSC-2025-10986
@kvytech/cli,0.0.7,MSC-2025-10983
@kvytech/components,0.0.2,MSC-2025-10984
@kvytech/habbit-e2e-test,0.0.2,MSC-2025-10984
@kvytech/medusa-plugin-announcement,0.0.8,MSC-2025-10984
@kvytech/medusa-plugin-management,0.0.5,MSC-2025-10984
@kvytech/medusa-plugin-newsletter,0.0.5,MSC-2025-10984
@kvytech/medusa-plugin-product-reviews,0.0.9,MSC-2025-10984
@kvytech/medusa-plugin-promotion,0.0.2,MSC-2025-10984
@kvytech/web,0.0.2,MSC-2025-10984
@lessondesk/api-client,9.12.2,MSC-2025-10983
@lessondesk/api-client,9.12.3,MSC-2025-10983
@lessondesk/babel-preset,1.0.1,MSC-2025-10983
@lessondesk/electron-group-api-client,1.0.3,MSC-2025-10986
@lessondesk/eslint-config,1.4.2,MSC-2025-10983
@lessondesk/material-icons,1.0.3,MSC-2025-10986
@lessondesk/react-table-context,2.0.4,MSC-2025-10986
@lessondesk/schoolbus,5.2.2,MSC-2025-10983
@lessondesk/schoolbus,5.2.3,MSC-2025-10983
@livecms/live-edit,0.0.32,MSC-2025-10985
@livecms/nuxt-live-edit,1.9.2,MSC-2025-10985
@lokeswari-satyanarayanan/rn-zustand-expo-template,1.0.9,
@louisle2/core,1.0.1,MSC-2025-10981
@louisle2/cortex-js,0.1.6,MSC-2025-10981
@lpdjs/firestore-repo-service,1.0.1,MSC-2025-10985
@lui-ui/lui-nuxt,0.1.1,MSC-2025-10986
@lui-ui/lui-tailwindcss,0.1.2,MSC-2025-10986
@lui-ui/lui-vue,1.0.13,MSC-2025-10986
@markvivanco/app-version-checker,1.0.2,MSC-2025-10986
@mcp-use/cli,2.2.6,MSC-2025-10986
@mcp-use/cli,2.2.6 2.2.7,MSC-2025-10981
@mcp-use/cli,2.2.7,MSC-2025-10986
@mcp-use/inspector,0.6.2,MSC-2025-10981
@mcp-use/inspector,0.6.3,MSC-2025-10981
@mcp-use/mcp-use,1.0.1,MSC-2025-10981
@mcp-use/mcp-use,1.0.2,MSC-2025-10981
@micado-digital/stadtmarketing-kufstein-external,1.9.1,
@mizzle-dev/orm,0.0.2,
@nativescript-community/arraybuffers,1.1.6,MSC-2025-8150
@nativescript-community/arraybuffers,1.1.7,MSC-2025-8151
@nativescript-community/arraybuffers,1.1.8,MSC-2025-8148
@nativescript-community/gesturehandler,2.0.35,MSC-2025-8444
@nativescript-community/perms,3.0.5,MSC-2025-8396
@nativescript-community/perms,3.0.6,MSC-2025-8425
@nativescript-community/perms,3.0.7,MSC-2025-8411
@nativescript-community/perms,3.0.8,MSC-2025-8363
@nativescript-community/perms,3.0.9,MSC-2025-8558
@nativescript-community/sentry,4.6.43,MSC-2025-8025
@nativescript-community/sqlite,3.5.2,MSC-2025-8158
@nativescript-community/sqlite,3.5.3,MSC-2025-8155
@nativescript-community/sqlite,3.5.4,MSC-2025-8154
@nativescript-community/sqlite,3.5.5,MSC-2025-8156
@nativescript-community/text,1.6.10,MSC-2025-8030
@nativescript-community/text,1.6.11,MSC-2025-8029
@nativescript-community/text,1.6.12,MSC-2025-8041
@nativescript-community/text,1.6.13,MSC-2025-8028
@nativescript-community/text,1.6.9,MSC-2025-8027
@nativescript-community/typeorm,0.2.30,MSC-2025-8162
@nativescript-community/typeorm,0.2.31,MSC-2025-8169
@nativescript-community/typeorm,0.2.32,MSC-2025-8176
@nativescript-community/typeorm,0.2.33,MSC-2025-8180
@nativescript-community/ui-collectionview,6.0.6,MSC-2025-8404
@nativescript-community/ui-document-picker,1.1.27,MSC-2025-8380
@nativescript-community/ui-document-picker,1.1.28,MSC-2025-8489
@nativescript-community/ui-drawer,0.1.30,MSC-2025-8447
@nativescript-community/ui-image,4.5.6,MSC-2025-8474
@nativescript-community/ui-label,1.3.35,MSC-2025-8301
@nativescript-community/ui-label,1.3.36,MSC-2025-8294
@nativescript-community/ui-label,1.3.37,MSC-2025-8507
@nativescript-community/ui-material-bottom-navigation,7.2.72,MSC-2025-8473
@nativescript-community/ui-material-bottom-navigation,7.2.73,MSC-2025-8479
@nativescript-community/ui-material-bottom-navigation,7.2.74,MSC-2025-8462
@nativescript-community/ui-material-bottom-navigation,7.2.75,MSC-2025-8520
@nativescript-community/ui-material-bottomsheet,7.2.72,MSC-2025-8468
@nativescript-community/ui-material-core,7.2.72,MSC-2025-8033
@nativescript-community/ui-material-core,7.2.73,MSC-2025-8042
@nativescript-community/ui-material-core,7.2.74,MSC-2025-8045
@nativescript-community/ui-material-core,7.2.75,MSC-2025-8044
@nativescript-community/ui-material-core,7.2.76,MSC-2025-8043
@nativescript-community/ui-material-core-tabs,7.2.72,MSC-2025-8036
@nativescript-community/ui-material-core-tabs,7.2.73,MSC-2025-8035
@nativescript-community/ui-material-core-tabs,7.2.74,MSC-2025-8039
@nativescript-community/ui-material-core-tabs,7.2.75,MSC-2025-8034
@nativescript-community/ui-material-core-tabs,7.2.76,MSC-2025-8032
@nativescript-community/ui-material-ripple,7.2.72,MSC-2025-8177
@nativescript-community/ui-material-ripple,7.2.73,MSC-2025-8164
@nativescript-community/ui-material-ripple,7.2.74,MSC-2025-8178
@nativescript-community/ui-material-ripple,7.2.75,MSC-2025-8173
@nativescript-community/ui-material-tabs,7.2.72,MSC-2025-8289
@nativescript-community/ui-material-tabs,7.2.73,MSC-2025-8271
@nativescript-community/ui-material-tabs,7.2.74,MSC-2025-8309
@nativescript-community/ui-material-tabs,7.2.75,MSC-2025-8282
@nativescript-community/ui-pager,14.1.35,MSC-2025-8288
@nativescript-community/ui-pager,14.1.36,MSC-2025-8283
@nativescript-community/ui-pager,14.1.37,MSC-2025-8503
@nativescript-community/ui-pager,14.1.38,MSC-2025-8502
@nativescript-community/ui-pulltorefresh,2.5.4,MSC-2025-8285
@nativescript-community/ui-pulltorefresh,2.5.5,MSC-2025-8308
@nativescript-community/ui-pulltorefresh,2.5.6,MSC-2025-8270
@nativescript-community/ui-pulltorefresh,2.5.7,MSC-2025-8303
@nexe/config-manager,0.1.1,MSC-2025-8477
@nexe/eslint-config,0.1.1,MSC-2025-8487
@nexe/logger,0.1.3,MSC-2025-8418
@nstudio/angular,20.0.4,MSC-2025-8375
@nstudio/angular,20.0.5,MSC-2025-8442
@nstudio/angular,20.0.6,MSC-2025-8387
@nstudio/focus,20.0.4,MSC-2025-8440
@nstudio/focus,20.0.5,MSC-2025-8486
@nstudio/focus,20.0.6,MSC-2025-8439
@nstudio/nativescript-checkbox,2.0.6,MSC-2025-8275
@nstudio/nativescript-checkbox,2.0.7,MSC-2025-8284
@nstudio/nativescript-checkbox,2.0.8,MSC-2025-8302
@nstudio/nativescript-checkbox,2.0.9,MSC-2025-8293
@nstudio/nativescript-loading-indicator,5.0.1,MSC-2025-8484
@nstudio/nativescript-loading-indicator,5.0.2,MSC-2025-8476
@nstudio/nativescript-loading-indicator,5.0.3,MSC-2025-8346
@nstudio/nativescript-loading-indicator,5.0.4,MSC-2025-8416
@nstudio/ui-collectionview,5.1.11,MSC-2025-8272
@nstudio/ui-collectionview,5.1.12,MSC-2025-8280
@nstudio/ui-collectionview,5.1.13,MSC-2025-8276
@nstudio/ui-collectionview,5.1.14,MSC-2025-8274
@nstudio/web,20.0.4,MSC-2025-8424
@nstudio/web-angular,20.0.4,MSC-2025-8382
@nstudio/xplat,20.0.4,MSC-2025-8564
@nstudio/xplat,20.0.5,MSC-2025-8454
@nstudio/xplat,20.0.6,MSC-2025-8356
@nstudio/xplat,20.0.7,MSC-2025-8426
@nstudio/xplat-utils,20.0.4,MSC-2025-8560
@nstudio/xplat-utils,20.0.5,MSC-2025-8344
@nstudio/xplat-utils,20.0.6,MSC-2025-8371
@nstudio/xplat-utils,20.0.7,MSC-2025-8370
@ntnx/passport-wso2,0.0.3,MSC-2025-10986
@ntnx/t,0.0.101,MSC-2025-10986
@oku-ui/accordion,0.6.2,MSC-2025-10986
@oku-ui/alert-dialog,0.6.2,MSC-2025-10986
@oku-ui/arrow,0.6.2,MSC-2025-10986
@oku-ui/aspect-ratio,0.6.2,MSC-2025-10986
@oku-ui/avatar,0.6.2,MSC-2025-10986
@oku-ui/checkbox,0.6.3,MSC-2025-10986
@oku-ui/collapsible,0.6.2,MSC-2025-10986
@oku-ui/collection,0.6.2,MSC-2025-10986
@oku-ui/dialog,0.6.2,MSC-2025-10986
@oku-ui/direction,0.6.2,MSC-2025-10986
@oku-ui/dismissable-layer,0.6.2,MSC-2025-10986
@oku-ui/focus-guards,0.6.2,MSC-2025-10986
@oku-ui/focus-scope,0.6.2,MSC-2025-10986
@oku-ui/hover-card,0.6.2,MSC-2025-10986
@oku-ui/label,0.6.2,MSC-2025-10986
@oku-ui/menu,0.6.2,MSC-2025-10986
@oku-ui/motion,0.4.4,MSC-2025-10986
@oku-ui/motion-nuxt,0.2.2,MSC-2025-10986
@oku-ui/popover,0.6.2,MSC-2025-10986
@oku-ui/popper,0.6.2,MSC-2025-10986
@oku-ui/portal,0.6.2,MSC-2025-10986
@oku-ui/presence,0.6.2,MSC-2025-10986
@oku-ui/primitive,0.6.2,MSC-2025-10986
@oku-ui/primitives,0.7.9,MSC-2025-10986
@oku-ui/primitives-nuxt,0.3.1,MSC-2025-10986
@oku-ui/progress,0.6.2,MSC-2025-10986
@oku-ui/provide,0.6.2,MSC-2025-10986
@oku-ui/radio-group,0.6.2,MSC-2025-10986
@oku-ui/roving-focus,0.6.2,MSC-2025-10986
@oku-ui/scroll-area,0.6.2,MSC-2025-10986
@oku-ui/separator,0.6.2,MSC-2025-10986
@oku-ui/slider,0.6.2,MSC-2025-10986
@oku-ui/slot,0.6.2,MSC-2025-10986
@oku-ui/switch,0.6.2,MSC-2025-10986
@oku-ui/tabs,0.6.2,MSC-2025-10986
@oku-ui/toast,0.6.2,MSC-2025-10986
@oku-ui/toggle,0.6.2,MSC-2025-10986
@oku-ui/toggle-group,0.6.2,MSC-2025-10986
@oku-ui/toolbar,0.6.2,MSC-2025-10986
@oku-ui/tooltip,0.6.2,MSC-2025-10986
@oku-ui/use-composable,0.6.2,MSC-2025-10986
@oku-ui/utils,0.6.2,MSC-2025-10986
@oku-ui/visually-hidden,0.6.2,MSC-2025-10986
@operato/board,9.0.35,MSC-2025-8554
@operato/board,9.0.36,MSC-2025-8480
@operato/board,9.0.37,MSC-2025-8345
@operato/board,9.0.38,MSC-2025-8419
@operato/board,9.0.39,MSC-2025-8399
@operato/board,9.0.40,MSC-2025-8443
@operato/board,9.0.41,MSC-2025-8377
@operato/board,9.0.42,MSC-2025-8398
@operato/board,9.0.43,MSC-2025-8348
@operato/board,9.0.44,MSC-2025-8395
@operato/board,9.0.45,MSC-2025-8412
@operato/board,9.0.46,MSC-2025-8359
@operato/board,9.0.47,MSC-2025-8551
@operato/board,9.0.48,MSC-2025-8548
@operato/board,9.0.49,MSC-2025-8543
@operato/board,9.0.50,MSC-2025-8546
@operato/board,9.0.51,MSC-2025-8544
@operato/data-grist,9.0.29,MSC-2025-8407
@operato/data-grist,9.0.35,MSC-2025-8367
@operato/data-grist,9.0.36,MSC-2025-8406
@operato/data-grist,9.0.37,MSC-2025-8413
@operato/graphql,9.0.22,MSC-2025-8434
@operato/graphql,9.0.35,MSC-2025-8429
@operato/graphql,9.0.36,MSC-2025-8465
@operato/graphql,9.0.37,MSC-2025-8436
@operato/graphql,9.0.38,MSC-2025-8481
@operato/graphql,9.0.39,MSC-2025-8433
@operato/graphql,9.0.40,MSC-2025-8379
@operato/graphql,9.0.41,MSC-2025-8349
@operato/graphql,9.0.42,MSC-2025-8441
@operato/graphql,9.0.43,MSC-2025-8353
@operato/graphql,9.0.44,MSC-2025-8491
@operato/graphql,9.0.45,MSC-2025-8482
@operato/graphql,9.0.46,MSC-2025-8470
@operato/headroom,9.0.2,MSC-2025-8415
@operato/headroom,9.0.35,MSC-2025-8389
@operato/headroom,9.0.36,MSC-2025-8333
@operato/headroom,9.0.37,MSC-2025-8334
@operato/help,9.0.35,MSC-2025-8347
@operato/help,9.0.36,MSC-2025-8438
@operato/help,9.0.37,MSC-2025-8350
@operato/help,9.0.38,MSC-2025-8475
@operato/help,9.0.39,MSC-2025-8410
@operato/help,9.0.40,MSC-2025-8449
@operato/help,9.0.41,MSC-2025-8458
@operato/help,9.0.42,MSC-2025-8378
@operato/help,9.0.43,MSC-2025-8405
@operato/help,9.0.44,MSC-2025-8362
@operato/help,9.0.45,MSC-2025-8445
@operato/help,9.0.46,MSC-2025-8417
@operato/i18n,9.0.35,MSC-2025-8459
@operato/i18n,9.0.36,MSC-2025-8409
@operato/i18n,9.0.37,MSC-2025-8366
@operato/input,9.0.27,MSC-2025-8369
@operato/input,9.0.35,MSC-2025-8422
@operato/input,9.0.36,MSC-2025-8435
@operato/input,9.0.37,MSC-2025-8450
@operato/input,9.0.38,MSC-2025-8388
@operato/input,9.0.39,MSC-2025-8357
@operato/input,9.0.40,MSC-2025-8430
@operato/input,9.0.41,MSC-2025-8354
@operato/input,9.0.42,MSC-2025-8455
@operato/input,9.0.43,MSC-2025-8451
@operato/input,9.0.44,MSC-2025-8393
@operato/input,9.0.45,MSC-2025-8466
@operato/input,9.0.46,MSC-2025-8452
@operato/input,9.0.47,MSC-2025-8539
@operato/input,9.0.48,MSC-2025-8526
@operato/layout,9.0.35,MSC-2025-8471
@operato/layout,9.0.36,MSC-2025-8423
@operato/layout,9.0.37,MSC-2025-8427
@operato/popup,9.0.22,MSC-2025-8460
@operato/popup,9.0.35,MSC-2025-8490
@operato/popup,9.0.36,MSC-2025-8456
@operato/popup,9.0.37,MSC-2025-8401
@operato/popup,9.0.38,MSC-2025-8463
@operato/popup,9.0.39,MSC-2025-8392
@operato/popup,9.0.40,MSC-2025-8358
@operato/popup,9.0.41,MSC-2025-8457
@operato/popup,9.0.42,MSC-2025-8365
@operato/popup,9.0.43,MSC-2025-8400
@operato/popup,9.0.44,MSC-2025-8483
@operato/popup,9.0.45,MSC-2025-8420
@operato/popup,9.0.46,MSC-2025-8391
@operato/popup,9.0.47,MSC-2025-8361
@operato/popup,9.0.48,MSC-2025-8372
@operato/popup,9.0.49,MSC-2025-8408
@operato/popup,9.0.50,MSC-2025-8469
@operato/popup,9.0.51,MSC-2025-8485
@operato/pull-to-refresh,9.0.35,MSC-2025-8329
@operato/pull-to-refresh,9.0.36,MSC-2025-8311
@operato/pull-to-refresh,9.0.37,MSC-2025-8325
@operato/pull-to-refresh,9.0.38,MSC-2025-8312
@operato/pull-to-refresh,9.0.39,MSC-2025-8318
@operato/pull-to-refresh,9.0.40,MSC-2025-8317
@operato/pull-to-refresh,9.0.41,MSC-2025-8310
@operato/pull-to-refresh,9.0.42,MSC-2025-8316
@operato/pull-to-refresh,9.0.43,MSC-2025-8331
@operato/pull-to-refresh,9.0.44,MSC-2025-8327
@operato/pull-to-refresh,9.0.45,MSC-2025-8324
@operato/pull-to-refresh,9.0.46,MSC-2025-8330
@operato/pull-to-refresh,9.0.47,MSC-2025-8326
@operato/shell,9.0.22,MSC-2025-8322
@operato/shell,9.0.35,MSC-2025-8323
@operato/shell,9.0.36,MSC-2025-8319
@operato/shell,9.0.37,MSC-2025-8321
@operato/shell,9.0.38,MSC-2025-8313
@operato/shell,9.0.39,MSC-2025-8320
@operato/styles,9.0.2,MSC-2025-8328
@operato/styles,9.0.35,MSC-2025-8315
@operato/styles,9.0.36,MSC-2025-8332
@operato/styles,9.0.37,MSC-2025-8314
@operato/utils,9.0.22,MSC-2025-8273
@operato/utils,9.0.35,MSC-2025-8278
@operato/utils,9.0.36,MSC-2025-8287
@operato/utils,9.0.37,MSC-2025-8296
@operato/utils,9.0.38,MSC-2025-8307
@operato/utils,9.0.39,MSC-2025-8300
@operato/utils,9.0.40,MSC-2025-8295
@operato/utils,9.0.41,MSC-2025-8298
@operato/utils,9.0.42,MSC-2025-8292
@operato/utils,9.0.43,MSC-2025-8269
@operato/utils,9.0.44,MSC-2025-8290
@operato/utils,9.0.45,MSC-2025-8291
@operato/utils,9.0.46,MSC-2025-8306
@operato/utils,9.0.47,MSC-2025-8299
@operato/utils,9.0.48,MSC-2025-8266
@operato/utils,9.0.49,MSC-2025-8304
@operato/utils,9.0.50,MSC-2025-8297
@operato/utils,9.0.51,MSC-2025-8305
@orbitgtbelgium/mapbox-gl-draw-cut-polygon-mode,2.0.5,MSC-2025-10981
@orbitgtbelgium/mapbox-gl-draw-scale-rotate-mode,1.1.1,MSC-2025-10981
@orbitgtbelgium/orbit-components,1.2.9,MSC-2025-10981
@orbitgtbelgium/time-slider,1.0.187,MSC-2025-10981
@osmanekrem/bmad,1.0.6,MSC-2025-10986
@osmanekrem/error-handler,1.2.2,MSC-2025-10984
@pergel/cli,0.11.1,MSC-2025-10986
@pergel/module-box,0.6.1,MSC-2025-10986
@pergel/module-graphql,0.6.1,MSC-2025-10986
@pergel/module-ui,0.0.9,MSC-2025-10986
@pergel/nuxt,0.25.5,MSC-2025-10986
@posthog/agent,1.24.1,MSC-2025-10984
@posthog/ai,7.1.2,MSC-2025-10984
@posthog/automatic-cohorts-plugin,0.0.8,MSC-2025-10986
@posthog/bitbucket-release-tracker,0.0.8,MSC-2025-10984
@posthog/cli,0.5.14,MSC-2025-10984
@posthog/cli,0.5.15,MSC-2025-10984
@posthog/clickhouse,1.7.1,MSC-2025-10984
@posthog/core,1.5.6,MSC-2025-10984
@posthog/currency-normalization-plugin,0.0.8,MSC-2025-10984
@posthog/customerio-plugin,0.0.8,MSC-2025-10984
@posthog/databricks-plugin,0.0.8,MSC-2025-10984
@posthog/drop-events-on-property-plugin,0.0.8,MSC-2025-10984
@posthog/event-sequence-timer-plugin,0.0.8,MSC-2025-10984
@posthog/filter-out-plugin,0.0.8,MSC-2025-10984
@posthog/first-time-event-tracker,0.0.8,MSC-2025-10984
@posthog/geoip-plugin,0.0.8,MSC-2025-10984
@posthog/github-release-tracking-plugin,0.0.8,MSC-2025-10984
@posthog/gitub-star-sync-plugin,0.0.8,MSC-2025-10984
@posthog/heartbeat-plugin,0.0.8,MSC-2025-10984
@posthog/hedgehog-mode,0.0.42,MSC-2025-10983
@posthog/icons,0.36.1,MSC-2025-10984
@posthog/ingestion-alert-plugin,0.0.8,MSC-2025-10984
@posthog/intercom-plugin,0.0.8,MSC-2025-10984
@posthog/kinesis-plugin,0.0.8,MSC-2025-10984
@posthog/laudspeaker-plugin,0.0.8,MSC-2025-10984
@posthog/lemon-ui,0.0.1,MSC-2025-10984
@posthog/maxmind-plugin,0.1.6,MSC-2025-10984
@posthog/migrator3000-plugin,0.0.8,MSC-2025-10984
@posthog/netdata-event-processing,0.0.8,MSC-2025-10984
@posthog/nextjs,0.0.3,MSC-2025-10984
@posthog/nextjs-config,1.5.1,MSC-2025-10984
@posthog/nuxt,1.2.9,MSC-2025-10983
@posthog/pagerduty-plugin,0.0.8,MSC-2025-10984
@posthog/piscina,3.2.1,MSC-2025-10983
@posthog/plugin-contrib,0.0.6,MSC-2025-10984
@posthog/plugin-server,1.10.8,MSC-2025-10983
@posthog/plugin-unduplicates,0.0.8,MSC-2025-10984
@posthog/postgres-plugin,0.0.8,MSC-2025-10984
@posthog/react-rrweb-player,1.1.4,MSC-2025-10984
@posthog/rrdom,0.0.31,MSC-2025-10983
@posthog/rrweb,0.0.31,MSC-2025-10983
@posthog/rrweb-player,0.0.31,MSC-2025-10983
@posthog/rrweb-record,0.0.31,MSC-2025-10983
@posthog/rrweb-replay,0.0.19,MSC-2025-10983
@posthog/rrweb-snapshot,0.0.31,MSC-2025-10983
@posthog/rrweb-utils,0.0.31,MSC-2025-10984
@posthog/sendgrid-plugin,0.0.8,MSC-2025-10984
@posthog/siphash,1.1.2,MSC-2025-10983
@posthog/snowflake-export-plugin,0.0.8,MSC-2025-10984
@posthog/taxonomy-plugin,0.0.8,MSC-2025-10984
@posthog/twilio-plugin,0.0.8,MSC-2025-10984
@posthog/twitter-followers-plugin,0.0.8,MSC-2025-10981
@posthog/url-normalizer-plugin,0.0.8,MSC-2025-10984
@posthog/variance-plugin,0.0.8,MSC-2025-10984
@posthog/web-dev-server,1.0.5,MSC-2025-10981
@posthog/wizard,1.18.1,MSC-2025-10981
@posthog/zendesk-plugin,0.0.8,MSC-2025-10984
@postman/aether-icons,2.23.2,MSC-2025-10983
@postman/csv-parse,4.0.3,MSC-2025-10983
@postman/csv-parse,4.0.5,MSC-2025-10986
@postman/final-node-keytar,7.9.1,MSC-2025-10981
@postman/final-node-keytar,7.9.2,MSC-2025-10981
@postman/final-node-keytar,7.9.3,MSC-2025-10986
@postman/mcp-ui-client,5.5.1,MSC-2025-10981
@postman/mcp-ui-client,5.5.3,MSC-2025-10981
@postman/node-keytar,7.9.4,MSC-2025-10983
@postman/node-keytar,7.9.6,MSC-2025-10986
@postman/pm-bin-linux-x64,1.24.3,MSC-2025-10983
@postman/pm-bin-linux-x64,1.24.4,MSC-2025-10986
@postman/pm-bin-linux-x64,1.24.5,MSC-2025-10986
@postman/pm-bin-macos-arm64,1.24.3,MSC-2025-10981
@postman/pm-bin-macos-arm64,1.24.5,MSC-2025-10981
@postman/pm-bin-macos-x64,1.24.3,MSC-2025-10981
@postman/pm-bin-macos-x64,1.24.5,MSC-2025-10981
@postman/pm-bin-windows-x64,1.24.3,MSC-2025-10981
@postman/pm-bin-windows-x64,1.24.5,MSC-2025-10981
@postman/postman-collection-fork,4.3.3,MSC-2025-10981
@postman/postman-collection-fork,4.3.5,MSC-2025-10981
@postman/postman-mcp-cli,1.0.3,MSC-2025-10981
@postman/postman-mcp-cli,1.0.4,MSC-2025-10981
@postman/postman-mcp-cli,1.0.5,MSC-2025-10986
@postman/postman-mcp-server,2.4.10,MSC-2025-10986
@postman/postman-mcp-server,2.4.12,MSC-2025-10981
@postman/pretty-ms,6.1.1,MSC-2025-10981
@postman/pretty-ms,6.1.2,MSC-2025-10981
@postman/pretty-ms,6.1.3,MSC-2025-10986
@postman/secret-scanner-wasm,2.1.2,MSC-2025-10981
@postman/secret-scanner-wasm,2.1.3,MSC-2025-10981
@postman/secret-scanner-wasm,2.1.4,MSC-2025-10986
@postman/tunnel-agent,0.6.5,MSC-2025-10983
@postman/tunnel-agent,0.6.6,MSC-2025-10983
@postman/tunnel-agent,0.6.7,MSC-2025-10986
@postman/wdio-allure-reporter,0.0.7,MSC-2025-10981
@postman/wdio-allure-reporter,0.0.8,MSC-2025-10981
@postman/wdio-allure-reporter,0.0.9,MSC-2025-10986
@postman/wdio-junit-reporter,0.0.4,MSC-2025-10981
@postman/wdio-junit-reporter,0.0.5,MSC-2025-10981
@postman/wdio-junit-reporter,0.0.6,MSC-2025-10981
@pradhumngautam/common-app,1.0.2,MSC-2025-10986
@productdevbook/animejs-vue,0.2.1,MSC-2025-10986
@productdevbook/auth,0.2.2,MSC-2025-10986
@productdevbook/chatwoot,2.0.1,MSC-2025-10986
@productdevbook/motion,1.0.4,MSC-2025-10986
@productdevbook/ts-i18n,1.4.2,MSC-2025-10987
@pruthvi21/use-debounce,1.0.3,MSC-2025-10987
@quick-start-soft/quick-document-translator,1.4.2511142126,MSC-2025-10984
@quick-start-soft/quick-git-clean-markdown,1.4.2511142126,MSC-2025-10984
@quick-start-soft/quick-markdown,1.4.2511142126,MSC-2025-10984
@quick-start-soft/quick-markdown-compose,1.4.2506300029,MSC-2025-10984
@quick-start-soft/quick-markdown-image,1.4.2511142126,MSC-2025-10984
@quick-start-soft/quick-markdown-print,1.4.2511142126,MSC-2025-10984
@quick-start-soft/quick-markdown-translator,1.4.2509202331,MSC-2025-10984
@quick-start-soft/quick-remove-image-background,1.4.2511142126,MSC-2025-10984
@quick-start-soft/quick-task-refine,1.4.2511142126,MSC-2025-10984
@relyt/claude-context-core,0.1.1,MSC-2025-10987
@relyt/claude-context-mcp,0.1.1,MSC-2025-10987
@sameepsi/sor,1.0.3,
@sameepsi/sor2,2.0.2,
@seezo/sdr-mcp-server,0.0.5,MSC-2025-10987
@seung-ju/next,0.0.2,MSC-2025-10984
@seung-ju/openapi-generator,0.0.4,MSC-2025-10984
@seung-ju/react-hooks,0.0.2,MSC-2025-10984
@seung-ju/react-native-action-sheet,0.2.1,MSC-2025-10984
@silgi/better-auth,0.8.1,MSC-2025-10987
@silgi/drizzle,0.8.4,MSC-2025-10987
@silgi/ecosystem,0.7.6,MSC-2025-10987
@silgi/graphql,0.7.15,MSC-2025-10987
@silgi/module-builder,0.8.8,MSC-2025-10987
@silgi/openapi,0.7.4,MSC-2025-10987
@silgi/permission,0.6.8,MSC-2025-10987
@silgi/ratelimit,0.2.1,MSC-2025-10987
@silgi/scalar,0.6.2,MSC-2025-10987
@silgi/yoga,0.7.1,MSC-2025-10987
@sme-ui/aoma-vevasound-metadata-lib,0.1.3,MSC-2025-10987
@strapbuild/react-native-date-time-picker,2.0.4,MSC-2025-10984
@strapbuild/react-native-perspective-image-cropper,0.4.15,MSC-2025-10984
@strapbuild/react-native-perspective-image-cropper-2,0.4.7,MSC-2025-10984
@strapbuild/react-native-perspective-image-cropper-poojan31,0.4.6,MSC-2025-10984
@suraj_h/medium-common,1.0.5,MSC-2025-10987
@teselagen/bio-parsers,0.4.29,MSC-2025-8531
@teselagen/bio-parsers,0.4.30,MSC-2025-8540
@teselagen/bounce-loader,0.3.16,MSC-2025-8281
@teselagen/bounce-loader,0.3.17,MSC-2025-8265
@teselagen/file-utils,0.3.21,MSC-2025-8532
@teselagen/file-utils,0.3.22,MSC-2025-8529
@teselagen/liquibase-tools,0.4.1,MSC-2025-8267
@teselagen/ove,0.7.39,MSC-2025-8534
@teselagen/ove,0.7.40,MSC-2025-8542
@teselagen/range-utils,0.3.14,MSC-2025-8268
@teselagen/range-utils,0.3.15,MSC-2025-8286
@teselagen/react-list,0.8.19,MSC-2025-8277
@teselagen/react-list,0.8.20,MSC-2025-8279
@teselagen/react-table,6.10.19,MSC-2025-8231
@teselagen/react-table,6.10.20,MSC-2025-8243
@teselagen/react-table,6.10.21,MSC-2025-8240
@teselagen/react-table,6.10.22,MSC-2025-8253
@teselagen/sequence-utils,0.3.33,MSC-2025-8533
@teselagen/sequence-utils,0.3.34,MSC-2025-8538
@teselagen/ui,0.9.10,MSC-2025-8527
@teselagen/ui,0.9.9,MSC-2025-8541
@thangved/callback-window,1.1.4,MSC-2025-8258
@thedelta/eslint-config,1.0.2,MSC-2025-10984
@things-factory/attachment-base,9.0.42,MSC-2025-8545
@things-factory/attachment-base,9.0.43,MSC-2025-8236
@things-factory/attachment-base,9.0.44,MSC-2025-8244
@things-factory/attachment-base,9.0.45,MSC-2025-8260
@things-factory/attachment-base,9.0.46,MSC-2025-8232
@things-factory/attachment-base,9.0.47,MSC-2025-8256
@things-factory/attachment-base,9.0.48,MSC-2025-8225
@things-factory/attachment-base,9.0.49,MSC-2025-8261
@things-factory/attachment-base,9.0.50,MSC-2025-8247
@things-factory/attachment-base,9.0.51,MSC-2025-8226
@things-factory/attachment-base,9.0.52,MSC-2025-8255
@things-factory/attachment-base,9.0.53,MSC-2025-8251
@things-factory/attachment-base,9.0.54,MSC-2025-8263
@things-factory/attachment-base,9.0.55,MSC-2025-8239
@things-factory/auth-base,9.0.42,MSC-2025-8547
@things-factory/auth-base,9.0.43,MSC-2025-8230
@things-factory/auth-base,9.0.44,MSC-2025-8235
@things-factory/auth-base,9.0.45,MSC-2025-8237
@things-factory/email-base,9.0.42,MSC-2025-8227
@things-factory/email-base,9.0.43,MSC-2025-8249
@things-factory/email-base,9.0.44,MSC-2025-8254
@things-factory/email-base,9.0.45,MSC-2025-8245
@things-factory/email-base,9.0.46,MSC-2025-8250
@things-factory/email-base,9.0.47,MSC-2025-8252
@things-factory/email-base,9.0.48,MSC-2025-8242
@things-factory/email-base,9.0.49,MSC-2025-8238
@things-factory/email-base,9.0.50,MSC-2025-8228
@things-factory/email-base,9.0.51,MSC-2025-8241
@things-factory/email-base,9.0.52,MSC-2025-8229
@things-factory/email-base,9.0.53,MSC-2025-8234
@things-factory/email-base,9.0.54,MSC-2025-8259
@things-factory/email-base,9.0.55,MSC-2025-8248
@things-factory/email-base,9.0.56,MSC-2025-8233
@things-factory/email-base,9.0.57,MSC-2025-8246
@things-factory/email-base,9.0.58,MSC-2025-8262
@things-factory/email-base,9.0.59,MSC-2025-8257
@things-factory/env,9.0.42,MSC-2025-8208
@things-factory/env,9.0.43,MSC-2025-8192
@things-factory/env,9.0.44,MSC-2025-8193
@things-factory/env,9.0.45,MSC-2025-8219
@things-factory/integration-base,9.0.42,MSC-2025-8549
@things-factory/integration-base,9.0.43,MSC-2025-8202
@things-factory/integration-base,9.0.44,MSC-2025-8222
@things-factory/integration-base,9.0.45,MSC-2025-8187
@things-factory/integration-marketplace,9.0.42,MSC-2025-8556
@things-factory/integration-marketplace,9.0.43,MSC-2025-8186
@things-factory/integration-marketplace,9.0.44,MSC-2025-8216
@things-factory/integration-marketplace,9.0.45,MSC-2025-8218
@things-factory/shell,9.0.42,MSC-2025-8552
@things-factory/shell,9.0.43,MSC-2025-8197
@things-factory/shell,9.0.44,MSC-2025-8203
@things-factory/shell,9.0.45,MSC-2025-8182
@tiaanduplessis/json,2.0.2,MSC-2025-10984
@tiaanduplessis/json,2.0.3,MSC-2025-10984
@tiaanduplessis/react-progressbar,1.0.1,MSC-2025-10984
@tiaanduplessis/react-progressbar,1.0.2,MSC-2025-10984
@tnf-dev/api,1.0.8,MSC-2025-8189
@tnf-dev/core,1.0.8,MSC-2025-8199
@tnf-dev/js,1.0.8,MSC-2025-8181
@tnf-dev/mui,1.0.8,MSC-2025-8183
@tnf-dev/react,1.0.8,MSC-2025-8214
@trackstar/angular-trackstar-link,1.0.2,MSC-2025-10987
@trackstar/react-trackstar-link,2.0.21,MSC-2025-10987
@trackstar/react-trackstar-link-upgrade,1.1.10,MSC-2025-10987
@trackstar/test-angular-package,0.0.9,MSC-2025-10987
@trackstar/test-package,1.1.5,MSC-2025-10987
@trefox/sleekshop-js,0.1.6,MSC-2025-10981
@trigo/atrix,7.0.1,MSC-2025-10981
@trigo/atrix-acl,4.0.2,MSC-2025-10981
@trigo/atrix-elasticsearch,2.0.1,MSC-2025-10981
@trigo/atrix-mongoose,1.0.1,MSC-2025-10981
@trigo/atrix-mongoose,1.0.2,MSC-2025-10981
@trigo/atrix-orientdb,1.0.2,MSC-2025-10981
@trigo/atrix-postgres,1.0.3,MSC-2025-10981
@trigo/atrix-pubsub,4.0.3,MSC-2025-10981
@trigo/atrix-redis,1.0.2,MSC-2025-10981
@trigo/atrix-soap,1.0.2,MSC-2025-10981
@trigo/atrix-swagger,3.0.1,MSC-2025-10981
@trigo/bool-expressions,4.1.3,MSC-2025-10983
@trigo/eslint-config-trigo,3.3.1,MSC-2025-10981
@trigo/fsm,3.4.2,MSC-2025-10981
@trigo/hapi-auth-signedlink,1.3.1,MSC-2025-10981
@trigo/jsdt,0.2.1,MSC-2025-10981
@trigo/keycloak-api,1.3.1,MSC-2025-10981
@trigo/node-soap,0.5.4,MSC-2025-10981
@trigo/pathfinder-ui-css,0.1.1,MSC-2025-10981
@trigo/trigo-hapijs,5.0.1,MSC-2025-10981
@trpc-rate-limiter/cloudflare,0.1.4,MSC-2025-10987
@trpc-rate-limiter/hono,0.1.4,MSC-2025-10987
@ui-ux-gang/devextreme-angular-rpk,24.1.7,MSC-2025-8205
@ui-ux-gang/devextreme-rpk,24.1.7,MSC-2025-8559
@varsityvibe/api-client,1.3.36,MSC-2025-10984
@varsityvibe/api-client,1.3.37,MSC-2025-10984
@varsityvibe/utils,5.0.6,MSC-2025-10987
@varsityvibe/validation-schemas,0.6.7,MSC-2025-10984
@varsityvibe/validation-schemas,0.6.8,MSC-2025-10984
@viapip/eslint-config,0.2.4,MSC-2025-10987
@vishadtyagi/full-year-calendar,0.1.11,MSC-2025-10985
@voiceflow/alexa-types,2.15.61,MSC-2025-10987
@voiceflow/anthropic,0.4.4,MSC-2025-10987
@voiceflow/anthropic,0.4.5,MSC-2025-10987
@voiceflow/api-sdk,3.28.59,MSC-2025-10987
@voiceflow/backend-utils,5.0.1,MSC-2025-10987
@voiceflow/backend-utils,5.0.2,MSC-2025-10987
@voiceflow/base-types,2.136.2,MSC-2025-10987
@voiceflow/base-types,2.136.3,MSC-2025-10987
@voiceflow/body-parser,1.21.2,MSC-2025-10987
@voiceflow/body-parser,1.21.3,MSC-2025-10987
@voiceflow/chat-types,2.14.58,MSC-2025-10987
@voiceflow/chat-types,2.14.59,MSC-2025-10987
@voiceflow/circleci-config-sdk-orb-import,0.2.1,MSC-2025-10987
@voiceflow/circleci-config-sdk-orb-import,0.2.2,MSC-2025-10987
@voiceflow/commitlint-config,2.6.1,MSC-2025-10987
@voiceflow/commitlint-config,2.6.2,
@voiceflow/common,8.9.1,MSC-2025-10987
@voiceflow/common,8.9.2,MSC-2025-10987
@voiceflow/default-prompt-wrappers,1.7.3,MSC-2025-10987
@voiceflow/default-prompt-wrappers,1.7.4,MSC-2025-10987
@voiceflow/dependency-cruiser-config,1.8.11,MSC-2025-10987
@voiceflow/dependency-cruiser-config,1.8.12,MSC-2025-10987
@voiceflow/dtos-interact,1.40.1,MSC-2025-10987
@voiceflow/dtos-interact,1.40.2,MSC-2025-10987
@voiceflow/encryption,0.3.2,MSC-2025-10987
@voiceflow/encryption,0.3.3,MSC-2025-10987
@voiceflow/eslint-config,7.16.4,MSC-2025-10987
@voiceflow/eslint-config,7.16.5,MSC-2025-10987
@voiceflow/eslint-plugin,1.6.1,MSC-2025-10987
@voiceflow/eslint-plugin,1.6.2,MSC-2025-10987
@voiceflow/exception,1.10.1,MSC-2025-10987
@voiceflow/exception,1.10.2,MSC-2025-10987
@voiceflow/fetch,1.11.1,MSC-2025-10987
@voiceflow/fetch,1.11.2,MSC-2025-10987
@voiceflow/general-types,3.2.22,MSC-2025-10987
@voiceflow/general-types,3.2.23,MSC-2025-10987
@voiceflow/git-branch-check,1.4.3,MSC-2025-10987
@voiceflow/git-branch-check,1.4.4,
@voiceflow/google-dfes-types,2.17.12,MSC-2025-10987
@voiceflow/google-dfes-types,2.17.13,MSC-2025-10987
@voiceflow/google-types,2.21.13,MSC-2025-10987
@voiceflow/husky-config,1.3.1,MSC-2025-10987
@voiceflow/husky-config,1.3.2,
@voiceflow/logger,2.4.2,MSC-2025-10987
@voiceflow/logger,2.4.3,MSC-2025-10987
@voiceflow/metrics,1.5.1,MSC-2025-10987
@voiceflow/metrics,1.5.2,MSC-2025-10987
@voiceflow/natural-language-commander,0.5.2,MSC-2025-10987
@voiceflow/natural-language-commander,0.5.3,MSC-2025-10987
@voiceflow/nestjs-common,2.75.2,MSC-2025-10987
@voiceflow/nestjs-common,2.75.3,MSC-2025-10987
@voiceflow/nestjs-mongodb,1.3.1,MSC-2025-10987
@voiceflow/nestjs-mongodb,1.3.2,MSC-2025-10987
@voiceflow/nestjs-rate-limit,1.3.2,MSC-2025-10987
@voiceflow/nestjs-rate-limit,1.3.3,MSC-2025-10987
@voiceflow/nestjs-redis,1.3.1,MSC-2025-10987
@voiceflow/nestjs-redis,1.3.2,MSC-2025-10987
@voiceflow/nestjs-timeout,1.3.1,MSC-2025-10987
@voiceflow/nestjs-timeout,1.3.2,
@voiceflow/npm-package-json-lint-config,1.1.1,MSC-2025-10987
@voiceflow/openai,3.2.2,MSC-2025-10987
@voiceflow/openai,3.2.3,MSC-2025-10987
@voiceflow/pino,6.11.3,MSC-2025-10987
@voiceflow/pino,6.11.4,MSC-2025-10987
@voiceflow/pino-pretty,4.4.1,MSC-2025-10987
@voiceflow/pino-pretty,4.4.2,MSC-2025-10987
@voiceflow/prettier-config,1.10.1,MSC-2025-10987
@voiceflow/prettier-config,1.10.2,
@voiceflow/react-chat,1.65.4,MSC-2025-10987
@voiceflow/runtime,1.29.1,MSC-2025-10987
@voiceflow/runtime,1.29.2,MSC-2025-10987
@voiceflow/runtime-client-js,1.17.2,MSC-2025-10987
@voiceflow/runtime-client-js,1.17.3,MSC-2025-10987
@voiceflow/sdk-runtime,1.43.1,MSC-2025-10987
@voiceflow/sdk-runtime,1.43.2,MSC-2025-10987
@voiceflow/secrets-provider,1.9.2,MSC-2025-10987
@voiceflow/secrets-provider,1.9.3,
@voiceflow/semantic-release-config,1.4.1,MSC-2025-10987
@voiceflow/semantic-release-config,1.4.2,
@voiceflow/serverless-plugin-typescript,2.1.7,MSC-2025-10987
@voiceflow/serverless-plugin-typescript,2.1.8,MSC-2025-10987
@voiceflow/slate-serializer,1.7.3,MSC-2025-10987
@voiceflow/slate-serializer,1.7.4,MSC-2025-10987
@voiceflow/stitches-react,2.3.2,MSC-2025-10987
@voiceflow/stitches-react,2.3.3,MSC-2025-10987
@voiceflow/storybook-config,1.2.2,MSC-2025-10987
@voiceflow/storybook-config,1.2.3,MSC-2025-10987
@voiceflow/stylelint-config,1.1.1,MSC-2025-10987
@voiceflow/stylelint-config,1.1.2,
@voiceflow/test-common,2.1.1,MSC-2025-10987
@voiceflow/test-common,2.1.2,MSC-2025-10987
@voiceflow/tsconfig,1.12.1,MSC-2025-10987
@voiceflow/tsconfig,1.12.2,
@voiceflow/tsconfig-paths,1.1.4,MSC-2025-10987
@voiceflow/tsconfig-paths,1.1.5,MSC-2025-10987
@voiceflow/utils-designer,1.74.20,MSC-2025-10987
@voiceflow/verror,1.1.4,MSC-2025-10987
@voiceflow/verror,1.1.5,
@voiceflow/vite-config,2.6.2,MSC-2025-10987
@voiceflow/vite-config,2.6.3,MSC-2025-10987
@voiceflow/vitest-config,1.10.2,MSC-2025-10987
@voiceflow/vitest-config,1.10.3,MSC-2025-10987
@voiceflow/voice-types,2.10.58,MSC-2025-10987
@voiceflow/voice-types,2.10.59,MSC-2025-10987
@voiceflow/voiceflow-types,3.32.45,MSC-2025-10987
@voiceflow/voiceflow-types,3.32.46,MSC-2025-10987
@voiceflow/widget,1.7.18,MSC-2025-10987
@voiceflow/widget,1.7.19,MSC-2025-10987
@vucod/email,0.0.3,MSC-2025-10987
@yoobic/design-system,6.5.17,MSC-2025-8221
@yoobic/jpeg-camera-es6,1.0.13,MSC-2025-8220
@yoobic/yobi,8.7.53,MSC-2025-8211
@zapier/ai-actions,0.1.18,MSC-2025-10981
@zapier/ai-actions,0.1.19,MSC-2025-10987
@zapier/ai-actions,0.1.20,MSC-2025-10987
@zapier/ai-actions-react,0.1.12,MSC-2025-10981
@zapier/ai-actions-react,0.1.13,MSC-2025-10981
@zapier/ai-actions-react,0.1.14,MSC-2025-10981
@zapier/babel-preset-zapier,6.4.1,MSC-2025-10981
@zapier/babel-preset-zapier,6.4.2,MSC-2025-10987
@zapier/babel-preset-zapier,6.4.3,MSC-2025-10981
@zapier/browserslist-config-zapier,1.0.3,MSC-2025-10983
@zapier/browserslist-config-zapier,1.0.4,MSC-2025-10987
@zapier/browserslist-config-zapier,1.0.5,MSC-2025-10983
@zapier/eslint-plugin-zapier,11.0.3,MSC-2025-10981
@zapier/eslint-plugin-zapier,11.0.4,MSC-2025-10987
@zapier/eslint-plugin-zapier,11.0.5,MSC-2025-10987
@zapier/mcp-integration,3.0.1,MSC-2025-10981
@zapier/mcp-integration,3.0.2,MSC-2025-10981
@zapier/mcp-integration,3.0.3,MSC-2025-10981
@zapier/secret-scrubber,1.1.3,MSC-2025-10981
@zapier/secret-scrubber,1.1.4,MSC-2025-10981
@zapier/secret-scrubber,1.1.5,MSC-2025-10981
@zapier/spectral-api-ruleset,1.9.1,MSC-2025-10983
@zapier/spectral-api-ruleset,1.9.2,MSC-2025-10987
@zapier/spectral-api-ruleset,1.9.3,MSC-2025-10987
@zapier/stubtree,0.1.2,MSC-2025-10981
@zapier/stubtree,0.1.3,MSC-2025-10981
@zapier/stubtree,0.1.4,MSC-2025-10981
@zapier/zapier-sdk,0.15.5,
@zapier/zapier-sdk,0.15.6,
@zapier/zapier-sdk,0.15.7,
Prebid,10.9.1,MSC-2025-7951
Prebid,10.9.2,MSC-2025-7952
Prebid-universal-creative,1.17.3,MSC-2025-7890
ace-colorpicker-rpk,0.0.14,MSC-2025-8562
ai-crowl-shield,1.0.7,MSC-2025-10987
airchief,0.3.1,MSC-2025-8201
airpilot,0.8.8,MSC-2025-8217
angulartics2,14.1.1,MSC-2025-7964
angulartics2,14.1.2,MSC-2025-7959
another-shai,1.0.1,MSC-2025-8524
ansi-regex,6.2.1,MSC-2025-7880
ansi-styles,6.2.2,MSC-2025-7871
arc-cli-fc,1.0.1,MSC-2025-10987
asciitranslator,1.0.3,MSC-2025-10985
asyncapi-preview,1.0.1,MSC-2025-10984
asyncapi-preview,1.0.2,MSC-2025-10984
atrix,1.0.1,MSC-2025-10981
atrix-mongoose,1.0.1,MSC-2025-10981
automation_model,1.0.491,MSC-2025-10987
avm-tool,0.16.0-beta.1,MSC-2025-10983
avvvatars-vue,1.1.2,MSC-2025-10987
axios-builder,1.2.1,MSC-2025-10984
axios-cancelable,1.0.1,MSC-2025-10984
axios-cancelable,1.0.2,MSC-2025-10984
axios-timed,1.0.1,MSC-2025-10984
axios-timed,1.0.2,MSC-2025-10984
babel-preset-kinvey-flex-service,0.1.1,
backslash,0.2.1,MSC-2025-7955
barebones-css,1.1.3,MSC-2025-10984
barebones-css,1.1.4,MSC-2025-10984
benmostyn-frame-print,1.0.1,MSC-2025-10987
best_gpio_controller,1.0.10,MSC-2025-10985
better-auth-nuxt,0.0.10,MSC-2025-10987
better-queue-nedb,0.1.5,
bidirectional-adapter,1.2.2,MSC-2025-10987
bidirectional-adapter,1.2.3,MSC-2025-10987
bidirectional-adapter,1.2.4,MSC-2025-10987
bidirectional-adapter,1.2.5,
blinqio-executions-cli,1.0.41,MSC-2025-10984
blob-to-base64,1.0.3,MSC-2025-10987
bool-expressions,0.1.2,MSC-2025-10981
browser-webdriver-downloader,3.0.8,MSC-2025-8194
buffered-interpolation-babylon6,0.2.8,
bun-plugin-httpfile,0.1.1,
bytecode-checker-cli,1.0.10,
bytecode-checker-cli,1.0.11,
bytecode-checker-cli,1.0.8,MSC-2025-10981
bytecode-checker-cli,1.0.9,MSC-2025-10981
bytes-to-x,1.0.1,MSC-2025-10984
calc-loan-interest,1.0.4,MSC-2025-10984
capacitor-notificationhandler,0.0.2,MSC-2025-8223
capacitor-notificationhandler,0.0.3,MSC-2025-8184
capacitor-plugin-apptrackingios,0.0.21,MSC-2025-10984
capacitor-plugin-healthapp,0.0.2,MSC-2025-8188
capacitor-plugin-healthapp,0.0.3,MSC-2025-8200
capacitor-plugin-ihealth,1.1.8,MSC-2025-8190
capacitor-plugin-ihealth,1.1.9,MSC-2025-8185
capacitor-plugin-purchase,0.1.1,MSC-2025-10984
capacitor-plugin-scgssigninwithgoogle,0.0.5,MSC-2025-10984
capacitor-plugin-vonage,1.0.2,MSC-2025-8210
capacitor-plugin-vonage,1.0.3,MSC-2025-8215
capacitor-purchase-history,0.0.10,MSC-2025-10984
capacitor-voice-recorder-wav,6.0.3,MSC-2025-10984
capacitorandroidpermissions,0.0.4,MSC-2025-8209
capacitorandroidpermissions,0.0.5,MSC-2025-8198
ceviz,0.0.5,MSC-2025-10987
chalk,5.6.1,MSC-2025-7884
chalk-template,1.1.1,MSC-2025-7876
chrome-extension-downloads,0.0.3,MSC-2025-10984
chrome-extension-downloads,0.0.4,MSC-2025-10984
claude-token-updater,1.0.2,MSC-2025-10981
claude-token-updater,1.0.3,MSC-2025-10981
coinmarketcap-api,3.1.2,MSC-2025-10984
coinmarketcap-api,3.1.3,MSC-2025-10984
color-convert,3.1.1,MSC-2025-7954
color-name,2.0.1,MSC-2025-7882
color-string,2.1.1,MSC-2025-7875
colors-regex,2.0.1,MSC-2025-10987
command-irail,0.5.4,MSC-2025-10981
compare-obj,1.1.1,MSC-2025-10984
compare-obj,1.1.2,MSC-2025-10984
composite-reducer,1.0.2,MSC-2025-10987
composite-reducer,1.0.3,MSC-2025-10987
composite-reducer,1.0.4,MSC-2025-10987
composite-reducer,1.0.5,
config-cordova,0.8.5,MSC-2025-8213
cordova-plugin-voxeet2,1.0.24,MSC-2025-8212
cordova-voxeet,1.0.32,MSC-2025-8206
count-it-down,1.0.1,MSC-2025-10985
count-it-down,1.0.2,MSC-2025-10985
cpu-instructions,0.0.14,MSC-2025-10981
create-director-app,0.1.1,MSC-2025-10985
create-glee-app,0.2.2,MSC-2025-10984
create-glee-app,0.2.3,MSC-2025-10984
create-hardhat3-app,1.1.1,MSC-2025-10981
create-hardhat3-app,1.1.2,MSC-2025-10981
create-hardhat3-app,1.1.3,
create-hardhat3-app,1.1.4,
create-hest-app,0.1.9,MSC-2025-8191
create-kinvey-flex-service,0.2.1,
create-mcp-use-app,0.5.3,MSC-2025-10981
create-mcp-use-app,0.5.4,MSC-2025-10981
create-silgi,0.3.1,MSC-2025-10987
crypto-addr-codec,0.1.9,
css-dedoupe,0.1.2,MSC-2025-10987
csv-tool-cli,1.2.1,MSC-2025-10987
dashboard-empty-state,1.0.3,MSC-2025-10987
db-evo,1.1.4,MSC-2025-8204
db-evo,1.1.5,MSC-2025-8207
debug,4.4.2,MSC-2025-7887
designstudiouiux,1.0.1,MSC-2025-10984
devextreme-angular-rpk,21.2.8,MSC-2025-8195
devextreme-rpk,21.2.8,MSC-2025-8557
devstart-cli,1.0.6,MSC-2025-10981
dialogflow-es,1.1.2,MSC-2025-10987
dialogflow-es,1.1.3,MSC-2025-10987
dialogflow-es,1.1.4,MSC-2025-10987
discord-bot-server,0.1.2,MSC-2025-10981
docusaurus-plugin-vanilla-extract,1.0.3,MSC-2025-10987
dont-go,1.1.2,MSC-2025-10987
dotnet-template,0.0.3,MSC-2025-10984
dotnet-template,0.0.4,MSC-2025-10984
dotnet-template,1.1.4,MSC-2025-10984
drop-events-on-property-plugin,0.0.2,MSC-2025-10984
duckdb,1.3.3,MSC-2025-7949
easypanel-sdk,0.3.2,MSC-2025-10987
electron-volt,0.0.2,
email-deliverability-tester,1.1.1,MSC-2025-10987
ember-browser-services,5.0.2,MSC-2025-8179
ember-browser-services,5.0.3,MSC-2025-8497
ember-headless-form,1.1.2,MSC-2025-8174
ember-headless-form,1.1.3,MSC-2025-8508
ember-headless-form-yup,1.0.1,MSC-2025-8161
ember-headless-table,2.1.5,MSC-2025-8168
ember-headless-table,2.1.6,MSC-2025-8509
ember-url-hash-polyfill,1.0.12,MSC-2025-8175
ember-url-hash-polyfill,1.0.13,MSC-2025-8510
ember-velcro,2.2.1,MSC-2025-8167
ember-velcro,2.2.2,MSC-2025-8511
encounter-playground,0.0.2,MSC-2025-8171
encounter-playground,0.0.3,MSC-2025-8170
encounter-playground,0.0.4,MSC-2025-8018
encounter-playground,0.0.5,MSC-2025-8011
enforce-branch-name,1.1.3,MSC-2025-10984
erosolar-cli,1.1.0,MSC-2025-10985
error-ex,1.3.3,MSC-2025-7881
esbuild-plugin-brotli,0.2.1,MSC-2025-10987
esbuild-plugin-eta,0.1.1,MSC-2025-10987
esbuild-plugin-httpfile,0.4.1,
eslint-config-crowdstrike,11.0.2,MSC-2025-8165
eslint-config-crowdstrike,11.0.3,MSC-2025-8514
eslint-config-crowdstrike-node,4.0.3,MSC-2025-8172
eslint-config-crowdstrike-node,4.0.4,MSC-2025-8515
eslint-config-kinvey-flex-service,0.1.1,
eslint-config-nitpicky,4.0.1,MSC-2025-10987
eslint-config-teselagen,6.1.7,MSC-2025-8163
eslint-config-teselagen,6.1.8,MSC-2025-8166
eslint-config-trigo,22.0.2,MSC-2025-10981
eslint-config-zeallat-base,1.0.4,MSC-2025-10984
ethereum-ens,0.8.1,MSC-2025-10981
evm-checkcode-cli,1.0.12,MSC-2025-10981
evm-checkcode-cli,1.0.13,MSC-2025-10981
evm-checkcode-cli,1.0.14,
evm-checkcode-cli,1.0.15,
exact-ticker,0.3.5,MSC-2025-10981
expo-audio-session,0.2.1,MSC-2025-10984
expo-router-on-rails,0.0.4,MSC-2025-10987
express-starter-template,1.0.10,MSC-2025-10987
expressos,1.1.3,MSC-2025-10987
fat-fingered,1.0.1,MSC-2025-10987
fat-fingered,1.0.2,MSC-2025-10987
feature-flip,1.0.1,MSC-2025-10984
feature-flip,1.0.2,MSC-2025-10984
firestore-search-engine,1.2.3,MSC-2025-10987
fittxt,1.0.2,MSC-2025-10984
fittxt,1.0.3,MSC-2025-10984
flapstacks,1.0.1,MSC-2025-10984
flapstacks,1.0.2,MSC-2025-10984
flatten-unflatten,1.0.1,MSC-2025-10984
flatten-unflatten,1.0.2,MSC-2025-10984
formik-error-focus,2.0.1,MSC-2025-10984
formik-store,1.0.1,MSC-2025-10984
frontity-starter-theme,1.0.1,MSC-2025-10987
fuzzy-finder,1.0.5,MSC-2025-10984
fuzzy-finder,1.0.6,MSC-2025-10984
gate-evm-check-code2,2.0.3,MSC-2025-10981
gate-evm-check-code2,2.0.4,MSC-2025-10981
gate-evm-check-code2,2.0.5,
gate-evm-check-code2,2.0.6,
gate-evm-tools-test,1.0.5,MSC-2025-10981
gate-evm-tools-test,1.0.6,MSC-2025-10981
gate-evm-tools-test,1.0.7,
gate-evm-tools-test,1.0.8,
gatsby-plugin-antd,2.2.1,MSC-2025-10987
gatsby-plugin-cname,1.0.1,MSC-2025-10984
gatsby-plugin-cname,1.0.2,MSC-2025-10984
generator-meteor-stock,0.1.6,MSC-2025-10988
generator-ng-itobuz,0.0.15,MSC-2025-10988
get-them-args,1.3.3,MSC-2025-10984
github-action-for-generator,2.1.27,MSC-2025-10984
github-action-for-generator,2.1.28,MSC-2025-10984
gitsafe,1.0.5,MSC-2025-10984
globalize-rpk,1.7.4,MSC-2025-8160
go-template,0.1.8,MSC-2025-10984
go-template,0.1.9,MSC-2025-10984
graphql-sequelize-teselagen,5.3.8,MSC-2025-8152
graphql-sequelize-teselagen,5.3.9,MSC-2025-8157
gulp-inject-envs,1.2.1,MSC-2025-10988
gulp-inject-envs,1.2.2,MSC-2025-10988
has-ansi,6.0.1,MSC-2025-7873
haufe-axera-api-client,0.0.1,MSC-2025-10984
haufe-axera-api-client,0.0.2,MSC-2025-10984
hope-mapboxdraw,0.1.1,MSC-2025-10985
hopedraw,1.0.3,MSC-2025-10985
hover-design-prototype,0.0.5,MSC-2025-10988
html-to-base64-image,1.0.2,MSC-2025-8153
httpness,1.0.2,MSC-2025-10988
httpness,1.0.3,MSC-2025-10988
hyper-fullfacing,1.0.3,MSC-2025-10988
hyperterm-hipster,1.0.7,MSC-2025-10984
ids-css,1.5.1,MSC-2025-10988
ids-enterprise-mcp-server,0.0.2,MSC-2025-10988
ids-enterprise-typings,20.1.6,MSC-2025-10988
image-to-uri,1.0.1,MSC-2025-10984
image-to-uri,1.0.2,MSC-2025-10984
insomnia-plugin-random-pick,1.0.4,MSC-2025-10985
invo,0.2.2,MSC-2025-10985
iron-shield-miniapp,0.0.2,MSC-2025-10984
is-arrayish,0.3.3,MSC-2025-7953
ito-button,8.0.3,MSC-2025-10985
itobuz-angular,0.0.1,MSC-2025-10985
itobuz-angular-auth,8.0.11,MSC-2025-10985
itobuz-angular-button,8.0.11,MSC-2025-10988
jacob-zuma,1.0.1,MSC-2025-10985
jacob-zuma,1.0.2,MSC-2025-10985
jaetut-varit-test,1.0.2,MSC-2025-10985
jan-browser,0.13.1,MSC-2025-10981
jquery-bindings,1.1.2,MSC-2025-10985
jquery-bindings,1.1.3,MSC-2025-10985
json-rules-engine-simplified,0.2.0,MSC-2025-8014
json-rules-engine-simplified,0.2.1,MSC-2025-8006
json-rules-engine-simplified,0.2.2,MSC-2025-8008
json-rules-engine-simplified,0.2.3,MSC-2025-8019
json-rules-engine-simplified,0.2.4,MSC-2025-8020
jsonsurge,1.0.7,MSC-2025-10988
jumpgate,0.0.2,MSC-2025-8159
just-toasty,1.7.1,MSC-2025-10985
kill-port,2.0.2,MSC-2025-10985
kill-port,2.0.3,MSC-2025-10985
kinetix-default-token-list,1.0.5,
kinvey-cli-wrapper,0.3.1,
kinvey-flex-scripts,0.5.1,
kns-error-code,1.0.8,
koa2-swagger-ui,5.11.1,MSC-2025-8024
koa2-swagger-ui,5.11.2,MSC-2025-8512
korea-administrative-area-geo-json-util,1.0.7,MSC-2025-10985
kwami,1.5.10,MSC-2025-10988
kwami,1.5.9,MSC-2025-10988
lang-codes,1.0.1,MSC-2025-10988
lang-codes,1.0.2,MSC-2025-10988
license-o-matic,1.2.1,MSC-2025-10985
license-o-matic,1.2.2,MSC-2025-10985
lint-staged-imagemin,1.3.1,MSC-2025-10985
lint-staged-imagemin,1.3.2,MSC-2025-10985
lite-serper-mcp-server,0.2.2,MSC-2025-10981
lui-vue-test,0.70.9,MSC-2025-10988
luno-api,1.2.3,MSC-2025-10985
m25-transaction-utils,1.1.16,
manual-billing-system-miniapp-api,1.3.1,MSC-2025-10985
mcfly-semantic-release,1.3.1,MSC-2025-8149
mcp-knowledge-base,0.0.2,MSC-2025-8147
mcp-knowledge-graph,1.2.1,MSC-2025-8145
mcp-use,1.4.2,MSC-2025-10981
mcp-use,1.4.3,MSC-2025-10981
medusa-plugin-announcement,0.0.3,MSC-2025-10985
medusa-plugin-logs,0.0.17,
medusa-plugin-momo,0.0.68,MSC-2025-10985
medusa-plugin-product-reviews-kvy,0.0.4,MSC-2025-10985
medusa-plugin-zalopay,0.0.40,MSC-2025-10985
mobioffice-cli,1.0.3,MSC-2025-8143
mod10-check-digit,1.0.1,MSC-2025-10988
mon-package-react-typescript,1.0.1,MSC-2025-10985
monorepo-next,13.0.1,MSC-2025-8142
monorepo-next,13.0.2,MSC-2025-8513
mstate-angular,0.4.4,MSC-2025-8144
mstate-cli,0.4.7,MSC-2025-8146
mstate-dev-react,1.1.1,MSC-2025-8141
mstate-react,1.6.5,MSC-2025-8140
my-saeed-lib,0.1.1,MSC-2025-10985
n8n-nodes-tmdb,0.5.0,MSC-2025-10981
n8n-nodes-tmdb,0.5.1,MSC-2025-10981
n8n-nodes-vercel-ai-sdk,0.1.7,MSC-2025-10988
n8n-nodes-viral-app,0.2.5,MSC-2025-10988
nanoreset,7.0.1,MSC-2025-10985
nanoreset,7.0.2,MSC-2025-10985
next-circular-dependency,1.0.2,MSC-2025-10985
next-circular-dependency,1.0.3,MSC-2025-10985
next-simple-google-analytics,1.1.1,MSC-2025-10988
next-simple-google-analytics,1.1.2,MSC-2025-10988
next-styled-nprogress,1.0.4,MSC-2025-10988
next-styled-nprogress,1.0.5,MSC-2025-10988
ng-imports-checker,0.0.10,MSC-2025-8561
ng-imports-checker,0.0.9,MSC-2025-8563
ng2-file-upload,7.0.2,MSC-2025-8113
ng2-file-upload,7.0.3,MSC-2025-8498
ng2-file-upload,8.0.1,MSC-2025-8104
ng2-file-upload,8.0.2,MSC-2025-8111
ng2-file-upload,8.0.3,MSC-2025-8106
ng2-file-upload,9.0.1,MSC-2025-8103
ngx-bootstrap,18.1.4,MSC-2025-8107
ngx-bootstrap,19.0.3,MSC-2025-8105
ngx-bootstrap,19.0.4,MSC-2025-8224
ngx-bootstrap,20.0.3,MSC-2025-8120
ngx-bootstrap,20.0.4,MSC-2025-8102
ngx-bootstrap,20.0.5,MSC-2025-8116
ngx-bootstrap,20.0.6,MSC-2025-8110
ngx-color,10.0.1,MSC-2025-8021
ngx-color,10.0.2,MSC-2025-8023
ngx-toastr,19.0.1,MSC-2025-8022
ngx-toastr,19.0.2,MSC-2025-8493
ngx-trend,8.0.1,MSC-2025-8005
ngx-useful-swiper-prosenjit,9.0.2,MSC-2025-10988
ngx-wooapi,12.0.1,MSC-2025-10988
ngx-ws,1.1.5,MSC-2025-8130
ngx-ws,1.1.6,MSC-2025-8139
nitro-graphql,1.5.12,MSC-2025-10988
nitro-kutu,0.1.1,MSC-2025-10988
nitrodeploy,1.0.8,MSC-2025-10988
nitroping,0.1.1,MSC-2025-10988
normal-store,1.3.1,MSC-2025-10988
normal-store,1.3.2,MSC-2025-10988
normal-store,1.3.3,MSC-2025-10988
normal-store,1.3.4,
nuxt-keycloak,0.2.2,MSC-2025-10988
obj-to-css,1.0.2,MSC-2025-10985
obj-to-css,1.0.3,MSC-2025-10985
okta-react-router-6,5.0.1,MSC-2025-10985
open2internet,0.1.1,
oradm-to-gql,35.0.14,MSC-2025-8132
oradm-to-gql,35.0.15,MSC-2025-8134
oradm-to-sqlz,1.1.2,MSC-2025-8125
oradm-to-sqlz,1.1.3,MSC-2025-8131
oradm-to-sqlz,1.1.4,MSC-2025-8123
oradm-to-sqlz,1.1.5,MSC-2025-8129
orbit-boxicons,2.1.3,MSC-2025-10981
orbit-nebula-draw-tools,1.0.10,MSC-2025-10981
orbit-nebula-editor,1.0.2,MSC-2025-10981
orbit-soap,0.43.13,MSC-2025-10981
orchestrix,12.1.2,MSC-2025-10988
ove-auto-annotate,0.0.10,MSC-2025-8121
ove-auto-annotate,0.0.9,MSC-2025-8138
package-tester,1.0.1,MSC-2025-10981
parcel-plugin-asset-copier,1.1.2,MSC-2025-10985
parcel-plugin-asset-copier,1.1.3,MSC-2025-10985
pdf-annotation,0.0.2,MSC-2025-10988
pergel,0.13.2,MSC-2025-10988
pergeltest,0.0.25,MSC-2025-10988
piclite,1.0.1,MSC-2025-10985
pico-uid,1.0.3,MSC-2025-10985
pico-uid,1.0.4,MSC-2025-10985
pkg-readme,1.1.1,MSC-2025-10988
pm2-gelf-json,1.0.4,MSC-2025-8127
pm2-gelf-json,1.0.5,MSC-2025-8126
poper-react-sdk,0.1.2,MSC-2025-10981
posthog-docusaurus,2.0.6,MSC-2025-10984
posthog-js,1.297.3,MSC-2025-10985
posthog-node,4.18.1,
posthog-node,5.11.3,MSC-2025-10983
posthog-node,5.13.3,
posthog-plugin-hello-world,1.0.1,MSC-2025-10985
posthog-react-native,4.11.1,
posthog-react-native,4.12.5,MSC-2025-10984
posthog-react-native-session-replay,1.2.2,MSC-2025-10984
prebid.js,10.9.2,MSC-2025-7950
prime-one-table,0.0.19,MSC-2025-10988
printjs-rpk,1.6.1,MSC-2025-8124
prompt-eng,1.0.50,MSC-2025-10988
prompt-eng-server,1.0.18,MSC-2025-10988
proto-tinker-wc,0.1.87,MSC-2025-7883
puny-req,1.0.3,MSC-2025-10988
quickswap-ads-list,1.0.33,
quickswap-default-staking-list,1.0.11,
quickswap-default-staking-list-address,1.0.55,
quickswap-default-token-list,1.5.16,
quickswap-router-sdk,1.0.1,
quickswap-sdk,3.0.44,
quickswap-smart-order-router,1.0.1,
quickswap-token-lists,1.0.3,
quickswap-v2-sdk,2.0.1,
ra-auth-firebase,1.0.3,MSC-2025-10988
ra-data-firebase,1.0.7,MSC-2025-10985
ra-data-firebase,1.0.8,MSC-2025-10985
react-complaint-image,0.0.32,MSC-2025-8015
react-complaint-image,0.0.33,MSC-2025-8010
react-complaint-image,0.0.34,MSC-2025-8012
react-complaint-image,0.0.35,MSC-2025-8007
react-component-taggers,0.1.9,MSC-2025-10981
react-data-to-export,1.0.1,MSC-2025-10985
react-element-prompt-inspector,0.1.18,MSC-2025-10981
react-favic,1.0.2,MSC-2025-10988
react-hook-form-persist,3.0.1,MSC-2025-10988
react-hook-form-persist,3.0.2,MSC-2025-10988
react-jam-icons,1.0.1,MSC-2025-10985
react-jam-icons,1.0.2,MSC-2025-10985
react-jsonschema-form-conditionals,0.3.18,MSC-2025-8017
react-jsonschema-form-conditionals,0.3.19,MSC-2025-8009
react-jsonschema-form-conditionals,0.3.20,MSC-2025-8013
react-jsonschema-form-conditionals,0.3.21,MSC-2025-8000
react-jsonschema-form-extras,1.0.1,MSC-2025-8004
react-jsonschema-form-extras,1.0.2,MSC-2025-8016
react-jsonschema-form-extras,1.0.3,MSC-2025-7998
react-jsonschema-form-extras,1.0.4,MSC-2025-7996
react-jsonschema-rxnt-extras,0.4.6,MSC-2025-8536
react-jsonschema-rxnt-extras,0.4.7,MSC-2025-8530
react-jsonschema-rxnt-extras,0.4.8,MSC-2025-8535
react-jsonschema-rxnt-extras,0.4.9,MSC-2025-8528
react-keycloak-context,1.0.8,MSC-2025-10985
react-keycloak-context,1.0.9,MSC-2025-10985
react-library-setup,0.0.6,MSC-2025-10981
react-linear-loader,1.0.2,MSC-2025-10988
react-micromodal.js,1.0.1,MSC-2025-10988
react-micromodal.js,1.0.2,MSC-2025-10988
react-native-datepicker-modal,1.3.1,MSC-2025-10985
react-native-datepicker-modal,1.3.2,MSC-2025-10985
react-native-email,2.1.1,MSC-2025-10985
react-native-email,2.1.2,MSC-2025-10985
react-native-fetch,2.0.1,MSC-2025-10985
react-native-fetch,2.0.2,MSC-2025-10985
react-native-get-pixel-dimensions,1.0.1,MSC-2025-10985
react-native-get-pixel-dimensions,1.0.2,MSC-2025-10985
react-native-google-maps-directions,2.1.2,MSC-2025-10988
react-native-jam-icons,1.0.1,MSC-2025-10985
react-native-jam-icons,1.0.2,MSC-2025-10985
react-native-log-level,1.2.1,MSC-2025-10985
react-native-log-level,1.2.2,MSC-2025-10985
react-native-modest-checkbox,3.3.1,MSC-2025-10988
react-native-modest-storage,2.1.1,MSC-2025-10988
react-native-phone-call,1.2.1,MSC-2025-10985
react-native-phone-call,1.2.2,MSC-2025-10985
react-native-retriable-fetch,2.0.1,MSC-2025-10985
react-native-retriable-fetch,2.0.2,MSC-2025-10985
react-native-use-modal,1.0.3,MSC-2025-10985
react-native-view-finder,1.2.1,MSC-2025-10985
react-native-view-finder,1.2.2,MSC-2025-10985
react-native-websocket,1.0.3,MSC-2025-10985
react-native-websocket,1.0.4,MSC-2025-10985
react-native-worklet-functions,3.3.3,MSC-2025-10985
react-packery-component,1.0.3,MSC-2025-10988
react-qr-image,1.1.1,MSC-2025-10985
react-scrambled-text,1.0.4,MSC-2025-10988
rediff,1.0.5,MSC-2025-10985
rediff-viewer,0.0.7,MSC-2025-10985
redux-forge,2.5.3,MSC-2025-10981
redux-router-kit,1.2.2,MSC-2025-10981
redux-router-kit,1.2.3,MSC-2025-10981
redux-router-kit,1.2.4,
remark-preset-lint-crowdstrike,4.0.1,MSC-2025-8135
remark-preset-lint-crowdstrike,4.0.2,MSC-2025-8499
revenuecat,1.0.1,MSC-2025-10988
rollup-plugin-httpfile,0.2.1,MSC-2025-10988
rxnt-authentication,0.0.3,MSC-2025-7997
rxnt-authentication,0.0.4,MSC-2025-7991
rxnt-authentication,0.0.5,MSC-2025-8500
rxnt-authentication,0.0.6,MSC-2025-8501
rxnt-healthchecks-nestjs,1.0.2,MSC-2025-7992
rxnt-healthchecks-nestjs,1.0.3,MSC-2025-7999
rxnt-healthchecks-nestjs,1.0.4,MSC-2025-7993
rxnt-healthchecks-nestjs,1.0.5,MSC-2025-7995
rxnt-kue,1.0.4,MSC-2025-7984
rxnt-kue,1.0.5,MSC-2025-7985
rxnt-kue,1.0.6,MSC-2025-7981
rxnt-kue,1.0.7,MSC-2025-7980
sa-company-registration-number-regex,1.0.1,MSC-2025-10985
sa-company-registration-number-regex,1.0.2,MSC-2025-10985
sa-id-gen,1.0.4,MSC-2025-10985
sa-id-gen,1.0.5,MSC-2025-10985
samesame,1.0.3,MSC-2025-10988
scgs-capacitor-subscribe,1.0.11,MSC-2025-10985
scgsffcreator,1.0.5,MSC-2025-10985
schob,1.0.3,MSC-2025-10988
selenium-session,1.0.5,MSC-2025-10988
selenium-session-client,1.0.4,MSC-2025-10988
set-nested-prop,2.0.1,MSC-2025-10985
set-nested-prop,2.0.2,MSC-2025-10985
shelf-jwt-sessions,0.1.2,MSC-2025-10988
shell-exec,1.1.3,MSC-2025-10985
shell-exec,1.1.4,MSC-2025-10985
shinhan-limit-scrap,1.0.3,MSC-2025-10985
silgi,0.43.30,MSC-2025-10988
simple-swizzle,0.2.3,MSC-2025-7886
simplejsonform,1.0.1,MSC-2025-10985
skills-use,0.1.1,MSC-2025-10981
skills-use,0.1.2,MSC-2025-10981
slice-ansi,7.1.1,MSC-2025-7874
solomon-api-stories,1.0.2,MSC-2025-10985
solomon-v3-stories,1.15.6,MSC-2025-10985
solomon-v3-ui-wrapper,1.6.1,MSC-2025-10985
soneium-acs,1.0.1,
sort-by-distance,2.0.1,MSC-2025-10985
south-african-id-info,1.0.2,MSC-2025-10988
stat-fns,1.0.1,MSC-2025-10988
stoor,2.3.2,MSC-2025-10985
strip-ansi,7.1.1,MSC-2025-7878
sufetch,0.4.1,MSC-2025-10988
super-commit,1.0.1,MSC-2025-10988
supports-color,10.2.1,MSC-2025-7879
supports-hyperlinks,4.1.1,MSC-2025-7872
svelte-autocomplete-select,1.1.1,MSC-2025-10985
svelte-toasty,1.1.2,MSC-2025-10988
svelte-toasty,1.1.3,MSC-2025-10988
swc-plugin-component-annotate,1.9.1,MSC-2025-7987
swc-plugin-component-annotate,1.9.2,MSC-2025-7988
tanstack-shadcn-table,1.1.5,MSC-2025-10988
tavily-module,1.0.1,MSC-2025-10988
tbssnch,1.0.2,MSC-2025-8122
tcsp,2.0.2,MSC-2025-10988
tcsp-draw-test,1.0.5,MSC-2025-10985
tcsp-test-vd,2.4.4,MSC-2025-10988
template-lib,1.1.3,MSC-2025-10988
template-lib,1.1.4,MSC-2025-10988
template-micro-service,1.0.2,MSC-2025-10988
template-micro-service,1.0.3,MSC-2025-10988
tenacious-fetch,2.3.2,MSC-2025-10985
tenacious-fetch,2.3.3,MSC-2025-10985
teselagen-interval-tree,1.1.2,MSC-2025-8128
test-foundry-app,1.0.1,MSC-2025-10981
test-foundry-app,1.0.2,MSC-2025-10981
test-foundry-app,1.0.3,
test-foundry-app,1.0.4,
test-hardhat-app,1.0.1,MSC-2025-10981
test-hardhat-app,1.0.2,MSC-2025-10981
test-hardhat-app,1.0.3,
test-hardhat-app,1.0.4,
test23112222-api,1.0.1,MSC-2025-10985
tg-client-query-builder,2.14.4,MSC-2025-8136
tg-client-query-builder,2.14.5,MSC-2025-8137
tg-redbird,1.3.1,MSC-2025-8133
tg-redbird,1.3.2,MSC-2025-8525
tg-seq-gen,1.0.10,MSC-2025-8119
tg-seq-gen,1.0.9,MSC-2025-8109
thangved-react-grid,1.0.3,MSC-2025-8108
tiaan,1.0.2,MSC-2025-10988
tiptap-shadcn-vue,0.2.1,MSC-2025-10988
token.js-fork,0.7.32,MSC-2025-10981
toonfetch,0.3.2,MSC-2025-10988
trigo-react-app,4.1.2,MSC-2025-10981
ts-gaussian,3.0.5,MSC-2025-7983
ts-gaussian,3.0.6,MSC-2025-7986
ts-imports,1.0.1,MSC-2025-8115
ts-imports,1.0.2,MSC-2025-8117
ts-relay-cursor-paging,2.1.1,MSC-2025-10988
tvi-cli,0.1.5,MSC-2025-8112
typeface-antonio-complete,1.0.5,MSC-2025-10988
typefence,1.2.2,MSC-2025-10988
typefence,1.2.3,MSC-2025-10988
typeorm-orbit,0.2.27,MSC-2025-10981
unadapter,0.1.3,MSC-2025-10988
undefsafe-typed,1.0.3,MSC-2025-10985
undefsafe-typed,1.0.4,MSC-2025-10985
unemail,0.3.1,MSC-2025-10988
uniswap-router-sdk,1.6.2,
uniswap-smart-order-router,3.16.26,
uniswap-test-sdk-core,4.0.8,
unsearch,0.0.3,MSC-2025-10988
uplandui,0.5.4,MSC-2025-10985
upload-to-play-store,1.0.1,MSC-2025-10988
upload-to-play-store,1.0.2,MSC-2025-10988
url-encode-decode,1.0.1,MSC-2025-10985
url-encode-decode,1.0.2,MSC-2025-10985
use-unsaved-changes,1.0.9,MSC-2025-10988
v-plausible,1.2.1,MSC-2025-10988
valid-south-african-id,1.0.3,MSC-2025-10988
valuedex-sdk,3.0.5,
ve-bamreader,0.2.6,MSC-2025-8114
ve-bamreader,0.2.7,MSC-2025-8537
ve-editor,1.0.1,MSC-2025-8118
ve-editor,1.0.2,MSC-2025-8553
verror-extra,6.0.1,MSC-2025-8100
vf-oss-template,1.0.1,MSC-2025-10988
vf-oss-template,1.0.2,MSC-2025-10988
vf-oss-template,1.0.3,MSC-2025-10988
victoria-wallet-constants,0.1.1,MSC-2025-10988
victoria-wallet-constants,0.1.2,MSC-2025-10988
victoria-wallet-core,0.1.1,MSC-2025-10988
victoria-wallet-core,0.1.2,MSC-2025-10988
victoria-wallet-type,0.1.1,MSC-2025-10988
victoria-wallet-type,0.1.2,MSC-2025-10988
victoria-wallet-utils,0.1.1,MSC-2025-10988
victoria-wallet-utils,0.1.2,MSC-2025-10988
victoria-wallet-validator,0.1.1,MSC-2025-10988
victoria-wallet-validator,0.1.2,MSC-2025-10988
victoriaxoaquyet-wallet-core,0.2.1,MSC-2025-10988
victoriaxoaquyet-wallet-core,0.2.2,MSC-2025-10988
vite-plugin-httpfile,0.2.1,
voip-callkit,1.0.2,MSC-2025-8098
voip-callkit,1.0.3,MSC-2025-8096
vue-browserupdate-nuxt,1.0.5,MSC-2025-10985
wallet-evm,0.3.1,MSC-2025-10988
wallet-evm,0.3.2,MSC-2025-10988
wallet-type,0.1.1,MSC-2025-10988
wallet-type,0.1.2,MSC-2025-10988
wdio-web-reporter,0.1.3,MSC-2025-8099
web-scraper-mcp,1.1.4,MSC-2025-10988
web-types-htmx,0.1.1,
web-types-lit,0.1.1,MSC-2025-10985
webpack-loader-httpfile,0.2.1,
wellness-expert-ng-gallery,5.1.1,MSC-2025-10988
wenk,1.0.10,MSC-2025-10985
wenk,1.0.9,MSC-2025-10985
wrap-ansi,9.0.1,MSC-2025-7877
yargs-help-output,5.0.3,MSC-2025-8097
yoo-styles,6.0.326,MSC-2025-8101
zapier-async-storage,1.0.1,MSC-2025-10981
zapier-async-storage,1.0.2,
zapier-async-storage,1.0.3,MSC-2025-10981
zapier-platform-cli,18.0.2,MSC-2025-10981
zapier-platform-cli,18.0.3,MSC-2025-10981
zapier-platform-cli,18.0.4,MSC-2025-10981
zapier-platform-core,18.0.2,MSC-2025-10981
zapier-platform-core,18.0.3,MSC-2025-10981
zapier-platform-core,18.0.4,MSC-2025-10981
zapier-platform-legacy-scripting-runner,4.0.2,MSC-2025-10981
zapier-platform-legacy-scripting-runner,4.0.3,
zapier-platform-legacy-scripting-runner,4.0.4,MSC-2025-10981
zapier-platform-schema,18.0.2,MSC-2025-10981
zapier-platform-schema,18.0.3,MSC-2025-10981
zapier-platform-schema,18.0.4,MSC-2025-10981
zapier-scripts,7.8.3,MSC-2025-10981
zapier-scripts,7.8.4,MSC-2025-10981
zuper-cli,1.0.1,MSC-2025-10981
zuper-sdk,1.0.57,MSC-2025-10981
zuper-stream,2.0.9,MSC-2025-10981
@mparpaillon/imagesloaded,4.1.2,MSC-2025-10981
@mparpaillon/connector-parse,1.0.1,MSC-2025-10981
@markvivanco/app-version-checker,1.0.1,MSC-2025-10986