package name,package version(s),MSC ID's
@ahmedhfarag/ngx-perfect-scrollbar,20.0.20,MSC-2025-8060
@ahmedhfarag/ngx-virtual-scroller,4.0.4,MSC-2025-8064
@art-ws/common,2.0.22,MSC-2025-8071
@art-ws/config-eslint,2.0.4,MSC-2025-8072
@art-ws/config-eslint,2.0.5,MSC-2025-8073
@art-ws/config-ts,2.0.7,MSC-2025-8076
@art-ws/config-ts,2.0.8,MSC-2025-8074
@art-ws/db-context,2.0.21,MSC-2025-8075
@art-ws/di,2.0.28,MSC-2025-8080
@art-ws/di-node,2.0.13,MSC-2025-8078
@art-ws/eslint,1.0.5,MSC-2025-8079
@art-ws/eslint,1.0.6,MSC-2025-8077
@art-ws/fastify-http-server,2.0.24,MSC-2025-8081
@art-ws/http-server,2.0.21,MSC-2025-8083
@art-ws/openapi,0.1.9,MSC-2025-8082
@art-ws/package-base,1.0.5,MSC-2025-8084
@art-ws/package-base,1.0.6,MSC-2025-8087
@art-ws/prettier,1.0.5,MSC-2025-8089
@art-ws/prettier,1.0.6,MSC-2025-8088
@art-ws/slf,2.0.15,MSC-2025-8085
@art-ws/ssl-info,1.0.9,MSC-2025-8091
@art-ws/ssl-info,1.0.10,MSC-2025-8090
@art-ws/web-app,1.0.3,MSC-2025-8093
@art-ws/web-app,1.0.4,MSC-2025-8092
@crowdstrike/commitlint,8.1.1,MSC-2025-8070
@crowdstrike/commitlint,8.1.2,MSC-2025-8492
@crowdstrike/falcon-shoelace,0.4.1,MSC-2025-8086
@crowdstrike/foundry-js,0.19.1,MSC-2025-8094
@crowdstrike/foundry-js,0.19.2,MSC-2025-8494
@crowdstrike/glide-core,0.34.2,MSC-2025-8339
@crowdstrike/glide-core,0.34.3,MSC-2025-8495
@crowdstrike/logscale-dashboard,1.205.1,MSC-2025-8342
@crowdstrike/logscale-dashboard,1.205.2,MSC-2025-8516
@crowdstrike/logscale-file-editor,1.205.1,MSC-2025-8340
@crowdstrike/logscale-file-editor,1.205.2,MSC-2025-8504
@crowdstrike/logscale-parser-edit,1.205.1,MSC-2025-8338
@crowdstrike/logscale-parser-edit,1.205.2,MSC-2025-8517
@crowdstrike/logscale-search,1.205.1,MSC-2025-8453
@crowdstrike/logscale-search,1.205.2,MSC-2025-8518
@crowdstrike/tailwind-toucan-base,5.0.1,MSC-2025-8385
@crowdstrike/tailwind-toucan-base,5.0.2,MSC-2025-8505
@ctrl/deluge,7.2.1,MSC-2025-7961
@ctrl/deluge,7.2.2,MSC-2025-8402
@ctrl/golang-template,1.4.2,MSC-2025-8448
@ctrl/golang-template,1.4.3,MSC-2025-8421
@ctrl/magnet-link,4.0.3,MSC-2025-8381
@ctrl/magnet-link,4.0.4,MSC-2025-8351
@ctrl/ngx-codemirror,7.0.1,MSC-2025-8394
@ctrl/ngx-codemirror,7.0.2,MSC-2025-8506
@ctrl/ngx-csv,6.0.1,MSC-2025-8446
@ctrl/ngx-csv,6.0.2,MSC-2025-8403
@ctrl/ngx-emoji-mart,9.2.1,MSC-2025-8352
@ctrl/ngx-emoji-mart,9.2.2,MSC-2025-8519
@ctrl/ngx-rightclick,4.0.1,MSC-2025-8364
@ctrl/ngx-rightclick,4.0.2,MSC-2025-8386
@ctrl/qbittorrent,9.7.1,MSC-2025-8437
@ctrl/qbittorrent,9.7.2,MSC-2025-8397
@ctrl/react-adsense,2.0.1,MSC-2025-8478
@ctrl/react-adsense,2.0.2,MSC-2025-8383
@ctrl/shared-torrent,6.3.1,MSC-2025-8355
@ctrl/shared-torrent,6.3.2,MSC-2025-8373
@ctrl/tinycolor,4.1.1,MSC-2025-8488
@ctrl/tinycolor,4.1.2,MSC-2025-8496
@ctrl/torrent-file,4.1.1,MSC-2025-8464
@ctrl/torrent-file,4.1.2,MSC-2025-8384
@ctrl/transmission,7.3.1,MSC-2025-8390
@ctrl/ts-base32,4.0.1,MSC-2025-8431
@ctrl/ts-base32,4.0.2,MSC-2025-8374
@hestjs/core,0.2.1,MSC-2025-8461
@hestjs/cqrs,0.1.6,MSC-2025-8472
@hestjs/demo,0.1.2,MSC-2025-8414
@hestjs/eslint-config,0.1.2,MSC-2025-8428
@hestjs/logger,0.1.6,MSC-2025-8343
@hestjs/scalar,0.1.7,MSC-2025-8432
@hestjs/validation,0.1.6,MSC-2025-8368
@nativescript-community/arraybuffers,1.1.6,MSC-2025-8150
@nativescript-community/arraybuffers,1.1.7,MSC-2025-8151
@nativescript-community/arraybuffers,1.1.8,MSC-2025-8148
@nativescript-community/gesturehandler,2.0.35,MSC-2025-8444
@nativescript-community/perms,3.0.5,MSC-2025-8396
@nativescript-community/perms,3.0.6,MSC-2025-8425
@nativescript-community/perms,3.0.7,MSC-2025-8411
@nativescript-community/perms,3.0.8,MSC-2025-8363
@nativescript-community/sqlite,3.5.2,MSC-2025-8158
@nativescript-community/sqlite,3.5.3,MSC-2025-8155
@nativescript-community/sqlite,3.5.4,MSC-2025-8154
@nativescript-community/sqlite,3.5.5,MSC-2025-8156
@nativescript-community/text,1.6.9,MSC-2025-8027
@nativescript-community/text,1.6.10,MSC-2025-8030
@nativescript-community/text,1.6.11,MSC-2025-8029
@nativescript-community/text,1.6.12,MSC-2025-8041
@nativescript-community/typeorm,0.2.30,MSC-2025-8162
@nativescript-community/typeorm,0.2.31,MSC-2025-8169
@nativescript-community/typeorm,0.2.32,MSC-2025-8176
@nativescript-community/typeorm,0.2.33,MSC-2025-8180
@nativescript-community/ui-collectionview,6.0.6,MSC-2025-8404
@nativescript-community/ui-document-picker,1.1.27,MSC-2025-8380
@nativescript-community/ui-document-picker,1.1.28,MSC-2025-8489
@nativescript-community/ui-drawer,0.1.30,MSC-2025-8447
@nativescript-community/ui-image,4.5.6,MSC-2025-8474
@nativescript-community/ui-label,1.3.35,MSC-2025-8301
@nativescript-community/ui-label,1.3.36,MSC-2025-8294
@nativescript-community/ui-label,1.3.37,MSC-2025-8507
@nativescript-community/ui-material-bottom-navigation,7.2.72,MSC-2025-8473
@nativescript-community/ui-material-bottom-navigation,7.2.73,MSC-2025-8479
@nativescript-community/ui-material-bottom-navigation,7.2.74,MSC-2025-8462
@nativescript-community/ui-material-bottom-navigation,7.2.75,MSC-2025-8520
@nativescript-community/ui-material-bottomsheet,7.2.72,MSC-2025-8468
@nativescript-community/ui-material-core,7.2.72,MSC-2025-8033
@nativescript-community/ui-material-core,7.2.73,MSC-2025-8042
@nativescript-community/ui-material-core,7.2.74,MSC-2025-8045
@nativescript-community/ui-material-core,7.2.75,MSC-2025-8044
@nativescript-community/ui-material-core-tabs,7.2.72,MSC-2025-8036
@nativescript-community/ui-material-core-tabs,7.2.73,MSC-2025-8035
@nativescript-community/ui-material-core-tabs,7.2.74,MSC-2025-8039
@nativescript-community/ui-material-core-tabs,7.2.75,MSC-2025-8034
@nativescript-community/ui-material-ripple,7.2.72,MSC-2025-8177
@nativescript-community/ui-material-ripple,7.2.73,MSC-2025-8164
@nativescript-community/ui-material-ripple,7.2.74,MSC-2025-8178
@nativescript-community/ui-material-ripple,7.2.75,MSC-2025-8173
@nativescript-community/ui-material-tabs,7.2.72,MSC-2025-8289
@nativescript-community/ui-material-tabs,7.2.73,MSC-2025-8271
@nativescript-community/ui-material-tabs,7.2.74,MSC-2025-8309
@nativescript-community/ui-material-tabs,7.2.75,MSC-2025-8282
@nativescript-community/ui-pager,14.1.35,MSC-2025-8288
@nativescript-community/ui-pager,14.1.36,MSC-2025-8283
@nativescript-community/ui-pager,14.1.37,MSC-2025-8503
@nativescript-community/ui-pager,14.1.38,MSC-2025-8502
@nativescript-community/ui-pulltorefresh,2.5.4,MSC-2025-8285
@nativescript-community/ui-pulltorefresh,2.5.5,MSC-2025-8308
@nativescript-community/ui-pulltorefresh,2.5.6,MSC-2025-8270
@nativescript-community/ui-pulltorefresh,2.5.7,MSC-2025-8303
@nexe/config-manager,0.1.1,MSC-2025-8477
@nexe/eslint-config,0.1.1,MSC-2025-8487
@nexe/logger,0.1.3,MSC-2025-8418
@nstudio/angular,20.0.4,MSC-2025-8375
@nstudio/angular,20.0.5,MSC-2025-8442
@nstudio/angular,20.0.6,MSC-2025-8387
@nstudio/focus,20.0.4,MSC-2025-8440
@nstudio/focus,20.0.5,MSC-2025-8486
@nstudio/focus,20.0.6,MSC-2025-8439
@nstudio/nativescript-checkbox,2.0.6,MSC-2025-8275
@nstudio/nativescript-checkbox,2.0.7,MSC-2025-8284
@nstudio/nativescript-checkbox,2.0.8,MSC-2025-8302
@nstudio/nativescript-checkbox,2.0.9,MSC-2025-8293
@nstudio/nativescript-loading-indicator,5.0.1,MSC-2025-8484
@nstudio/nativescript-loading-indicator,5.0.2,MSC-2025-8476
@nstudio/nativescript-loading-indicator,5.0.3,MSC-2025-8346
@nstudio/nativescript-loading-indicator,5.0.4,MSC-2025-8416
@nstudio/ui-collectionview,5.1.11,MSC-2025-8272
@nstudio/ui-collectionview,5.1.12,MSC-2025-8280
@nstudio/ui-collectionview,5.1.13,MSC-2025-8276
@nstudio/ui-collectionview,5.1.14,MSC-2025-8274
@nstudio/web,20.0.4,MSC-2025-8424
@nstudio/web-angular,20.0.4,MSC-2025-8382
@nstudio/xplat,20.0.5,MSC-2025-8454
@nstudio/xplat,20.0.6,MSC-2025-8356
@nstudio/xplat,20.0.7,MSC-2025-8426
@nstudio/xplat-utils,20.0.5,MSC-2025-8344
@nstudio/xplat-utils,20.0.6,MSC-2025-8371
@nstudio/xplat-utils,20.0.7,MSC-2025-8370
@operato/board,9.0.36,MSC-2025-8480
@operato/board,9.0.37,MSC-2025-8345
@operato/board,9.0.38,MSC-2025-8419
@operato/board,9.0.39,MSC-2025-8399
@operato/board,9.0.40,MSC-2025-8443
@operato/board,9.0.41,MSC-2025-8377
@operato/board,9.0.42,MSC-2025-8398
@operato/board,9.0.43,MSC-2025-8348
@operato/board,9.0.44,MSC-2025-8395
@operato/board,9.0.45,MSC-2025-8412
@operato/board,9.0.46,MSC-2025-8359
@operato/data-grist,9.0.29,MSC-2025-8407
@operato/data-grist,9.0.35,MSC-2025-8367
@operato/data-grist,9.0.36,MSC-2025-8406
@operato/data-grist,9.0.37,MSC-2025-8413
@operato/graphql,9.0.22,MSC-2025-8434
@operato/graphql,9.0.35,MSC-2025-8429
@operato/graphql,9.0.36,MSC-2025-8465
@operato/graphql,9.0.37,MSC-2025-8436
@operato/graphql,9.0.38,MSC-2025-8481
@operato/graphql,9.0.39,MSC-2025-8433
@operato/graphql,9.0.40,MSC-2025-8379
@operato/graphql,9.0.41,MSC-2025-8349
@operato/graphql,9.0.42,MSC-2025-8441
@operato/graphql,9.0.43,MSC-2025-8353
@operato/graphql,9.0.44,MSC-2025-8491
@operato/graphql,9.0.45,MSC-2025-8482
@operato/graphql,9.0.46,MSC-2025-8470
@operato/headroom,9.0.2,MSC-2025-8415
@operato/headroom,9.0.35,MSC-2025-8389
@operato/headroom,9.0.36,MSC-2025-8333
@operato/headroom,9.0.37,MSC-2025-8334
@operato/help,9.0.35,MSC-2025-8347
@operato/help,9.0.36,MSC-2025-8438
@operato/help,9.0.37,MSC-2025-8350
@operato/help,9.0.38,MSC-2025-8475
@operato/help,9.0.39,MSC-2025-8410
@operato/help,9.0.40,MSC-2025-8449
@operato/help,9.0.41,MSC-2025-8458
@operato/help,9.0.42,MSC-2025-8378
@operato/help,9.0.43,MSC-2025-8405
@operato/help,9.0.44,MSC-2025-8362
@operato/help,9.0.45,MSC-2025-8445
@operato/help,9.0.46,MSC-2025-8417
@operato/i18n,9.0.35,MSC-2025-8459
@operato/i18n,9.0.36,MSC-2025-8409
@operato/i18n,9.0.37,MSC-2025-8366
@operato/input,9.0.27,MSC-2025-8369
@operato/input,9.0.35,MSC-2025-8422
@operato/input,9.0.36,MSC-2025-8435
@operato/input,9.0.37,MSC-2025-8450
@operato/input,9.0.38,MSC-2025-8388
@operato/input,9.0.39,MSC-2025-8357
@operato/input,9.0.40,MSC-2025-8430
@operato/input,9.0.41,MSC-2025-8354
@operato/input,9.0.42,MSC-2025-8455
@operato/input,9.0.43,MSC-2025-8451
@operato/input,9.0.44,MSC-2025-8393
@operato/input,9.0.45,MSC-2025-8466
@operato/input,9.0.46,MSC-2025-8452
@operato/layout,9.0.35,MSC-2025-8471
@operato/layout,9.0.36,MSC-2025-8423
@operato/layout,9.0.37,MSC-2025-8427
@operato/popup,9.0.22,MSC-2025-8460
@operato/popup,9.0.35,MSC-2025-8490
@operato/popup,9.0.36,MSC-2025-8456
@operato/popup,9.0.37,MSC-2025-8401
@operato/popup,9.0.38,MSC-2025-8463
@operato/popup,9.0.39,MSC-2025-8392
@operato/popup,9.0.40,MSC-2025-8358
@operato/popup,9.0.41,MSC-2025-8457
@operato/popup,9.0.42,MSC-2025-8365
@operato/popup,9.0.43,MSC-2025-8400
@operato/popup,9.0.44,MSC-2025-8483
@operato/popup,9.0.45,MSC-2025-8420
@operato/popup,9.0.46,MSC-2025-8391
@operato/popup,9.0.47,MSC-2025-8361
@operato/popup,9.0.48,MSC-2025-8372
@operato/popup,9.0.49,MSC-2025-8408
@operato/popup,9.0.50,MSC-2025-8469
@operato/popup,9.0.51,MSC-2025-8485
@operato/pull-to-refresh,9.0.35,MSC-2025-8329
@operato/pull-to-refresh,9.0.36,MSC-2025-8311
@operato/pull-to-refresh,9.0.37,MSC-2025-8325
@operato/pull-to-refresh,9.0.38,MSC-2025-8312
@operato/pull-to-refresh,9.0.39,MSC-2025-8318
@operato/pull-to-refresh,9.0.40,MSC-2025-8317
@operato/pull-to-refresh,9.0.41,MSC-2025-8310
@operato/pull-to-refresh,9.0.42,MSC-2025-8316
@operato/pull-to-refresh,9.0.43,MSC-2025-8331
@operato/pull-to-refresh,9.0.44,MSC-2025-8327
@operato/pull-to-refresh,9.0.45,MSC-2025-8324
@operato/pull-to-refresh,9.0.46,MSC-2025-8330
@operato/pull-to-refresh,9.0.47,MSC-2025-8326
@operato/shell,9.0.22,MSC-2025-8322
@operato/shell,9.0.35,MSC-2025-8323
@operato/shell,9.0.36,MSC-2025-8319
@operato/shell,9.0.37,MSC-2025-8321
@operato/shell,9.0.38,MSC-2025-8313
@operato/shell,9.0.39,MSC-2025-8320
@operato/styles,9.0.2,MSC-2025-8328
@operato/styles,9.0.35,MSC-2025-8315
@operato/styles,9.0.36,MSC-2025-8332
@operato/styles,9.0.37,MSC-2025-8314
@operato/utils,9.0.22,MSC-2025-8273
@operato/utils,9.0.35,MSC-2025-8278
@operato/utils,9.0.36,MSC-2025-8287
@operato/utils,9.0.37,MSC-2025-8296
@operato/utils,9.0.38,MSC-2025-8307
@operato/utils,9.0.39,MSC-2025-8300
@operato/utils,9.0.40,MSC-2025-8295
@operato/utils,9.0.41,MSC-2025-8298
@operato/utils,9.0.42,MSC-2025-8292
@operato/utils,9.0.43,MSC-2025-8269
@operato/utils,9.0.44,MSC-2025-8290
@operato/utils,9.0.45,MSC-2025-8291
@operato/utils,9.0.46,MSC-2025-8306
@operato/utils,9.0.47,MSC-2025-8299
@operato/utils,9.0.48,MSC-2025-8266
@operato/utils,9.0.49,MSC-2025-8304
@operato/utils,9.0.50,MSC-2025-8297
@operato/utils,9.0.51,MSC-2025-8305
@teselagen/bounce-loader,0.3.16,MSC-2025-8281
@teselagen/bounce-loader,0.3.17,MSC-2025-8265
@teselagen/liquibase-tools,0.4.1,MSC-2025-8267
@teselagen/range-utils,0.3.14,MSC-2025-8268
@teselagen/range-utils,0.3.15,MSC-2025-8286
@teselagen/react-list,0.8.19,MSC-2025-8277
@teselagen/react-list,0.8.20,MSC-2025-8279
@teselagen/react-table,6.10.19,MSC-2025-8231
@teselagen/react-table,6.10.20,MSC-2025-8243
@teselagen/react-table,6.10.21,MSC-2025-8240
@teselagen/react-table,6.10.22,MSC-2025-8253
@thangved/callback-window,1.1.4,MSC-2025-8258
@things-factory/attachment-base,9.0.43,MSC-2025-8236
@things-factory/attachment-base,9.0.44,MSC-2025-8244
@things-factory/attachment-base,9.0.45,MSC-2025-8260
@things-factory/attachment-base,9.0.46,MSC-2025-8232
@things-factory/attachment-base,9.0.47,MSC-2025-8256
@things-factory/attachment-base,9.0.48,MSC-2025-8225
@things-factory/attachment-base,9.0.49,MSC-2025-8261
@things-factory/attachment-base,9.0.50,MSC-2025-8247
@things-factory/attachment-base,9.0.51,MSC-2025-8226
@things-factory/attachment-base,9.0.52,MSC-2025-8255
@things-factory/attachment-base,9.0.53,MSC-2025-8251
@things-factory/attachment-base,9.0.54,MSC-2025-8263
@things-factory/attachment-base,9.0.55,MSC-2025-8239
@things-factory/auth-base,9.0.43,MSC-2025-8230
@things-factory/auth-base,9.0.44,MSC-2025-8235
@things-factory/auth-base,9.0.45,MSC-2025-8237
@things-factory/email-base,9.0.42,MSC-2025-8227
@things-factory/email-base,9.0.43,MSC-2025-8249
@things-factory/email-base,9.0.44,MSC-2025-8254
@things-factory/email-base,9.0.45,MSC-2025-8245
@things-factory/email-base,9.0.46,MSC-2025-8250
@things-factory/email-base,9.0.47,MSC-2025-8252
@things-factory/email-base,9.0.48,MSC-2025-8242
@things-factory/email-base,9.0.49,MSC-2025-8238
@things-factory/email-base,9.0.50,MSC-2025-8228
@things-factory/email-base,9.0.51,MSC-2025-8241
@things-factory/email-base,9.0.52,MSC-2025-8229
@things-factory/email-base,9.0.53,MSC-2025-8234
@things-factory/email-base,9.0.54,MSC-2025-8259
@things-factory/email-base,9.0.55,MSC-2025-8248
@things-factory/email-base,9.0.56,MSC-2025-8233
@things-factory/email-base,9.0.57,MSC-2025-8246
@things-factory/email-base,9.0.58,MSC-2025-8262
@things-factory/email-base,9.0.59,MSC-2025-8257
@things-factory/env,9.0.42,MSC-2025-8208
@things-factory/env,9.0.43,MSC-2025-8192
@things-factory/env,9.0.44,MSC-2025-8193
@things-factory/env,9.0.45,MSC-2025-8219
@things-factory/integration-base,9.0.43,MSC-2025-8202
@things-factory/integration-base,9.0.44,MSC-2025-8222
@things-factory/integration-base,9.0.45,MSC-2025-8187
@things-factory/integration-marketplace,9.0.43,MSC-2025-8186
@things-factory/integration-marketplace,9.0.44,MSC-2025-8216
@things-factory/integration-marketplace,9.0.45,MSC-2025-8218
@things-factory/shell,9.0.43,MSC-2025-8197
@things-factory/shell,9.0.44,MSC-2025-8203
@things-factory/shell,9.0.45,MSC-2025-8182
@tnf-dev/api,1.0.8,MSC-2025-8189
@tnf-dev/core,1.0.8,MSC-2025-8199
@tnf-dev/js,1.0.8,MSC-2025-8181
@tnf-dev/mui,1.0.8,MSC-2025-8183
@tnf-dev/react,1.0.8,MSC-2025-8214
@ui-ux-gang/devextreme-angular-rpk,24.1.7,MSC-2025-8205
@yoobic/design-system,6.5.17,MSC-2025-8221
@yoobic/jpeg-camera-es6,1.0.13,MSC-2025-8220
@yoobic/yobi,8.7.53,MSC-2025-8211
airchief,0.3.1,MSC-2025-8201
airpilot,0.8.8,MSC-2025-8217
angulartics2,14.1.1,MSC-2025-7964
angulartics2,14.1.2,MSC-2025-7959
browser-webdriver-downloader,3.0.8,MSC-2025-8194
capacitor-notificationhandler,0.0.2,MSC-2025-8223
capacitor-notificationhandler,0.0.3,MSC-2025-8184
capacitor-plugin-healthapp,0.0.2,MSC-2025-8188
capacitor-plugin-healthapp,0.0.3,MSC-2025-8200
capacitor-plugin-ihealth,1.1.8,MSC-2025-8190
capacitor-plugin-ihealth,1.1.9,MSC-2025-8185
capacitor-plugin-vonage,1.0.2,MSC-2025-8210
capacitor-plugin-vonage,1.0.3,MSC-2025-8215
capacitorandroidpermissions,0.0.4,MSC-2025-8209
capacitorandroidpermissions,0.0.5,MSC-2025-8198
config-cordova,0.8.5,MSC-2025-8213
cordova-plugin-voxeet2,1.0.24,MSC-2025-8212
cordova-voxeet,1.0.32,MSC-2025-8206
create-hest-app,0.1.9,MSC-2025-8191
db-evo,1.1.4,MSC-2025-8204
db-evo,1.1.5,MSC-2025-8207
devextreme-angular-rpk,21.2.8,MSC-2025-8195
ember-browser-services,5.0.2,MSC-2025-8179
ember-browser-services,5.0.3,MSC-2025-8497
ember-headless-form,1.1.2,MSC-2025-8174
ember-headless-form,1.1.3,MSC-2025-8508
ember-headless-form-yup,1.0.1,MSC-2025-8161
ember-headless-table,2.1.5,MSC-2025-8168
ember-headless-table,2.1.6,MSC-2025-8509
ember-url-hash-polyfill,1.0.12,MSC-2025-8175
ember-url-hash-polyfill,1.0.13,MSC-2025-8510
ember-velcro,2.2.1,MSC-2025-8167
ember-velcro,2.2.2,MSC-2025-8511
encounter-playground,0.0.2,MSC-2025-8171
encounter-playground,0.0.3,MSC-2025-8170
encounter-playground,0.0.4,MSC-2025-8018
encounter-playground,0.0.5,MSC-2025-8011
eslint-config-crowdstrike,11.0.2,MSC-2025-8165
eslint-config-crowdstrike,11.0.3,MSC-2025-8514
eslint-config-crowdstrike-node,4.0.3,MSC-2025-8172
eslint-config-crowdstrike-node,4.0.4,MSC-2025-8515
eslint-config-teselagen,6.1.7,MSC-2025-8163
eslint-config-teselagen,6.1.8,MSC-2025-8166
globalize-rpk,1.7.4,MSC-2025-8160
graphql-sequelize-teselagen,5.3.8,MSC-2025-8152
graphql-sequelize-teselagen,5.3.9,MSC-2025-8157
html-to-base64-image,1.0.2,MSC-2025-8153
json-rules-engine-simplified,0.2.1,MSC-2025-8006
jumpgate,0.0.2,MSC-2025-8159
koa2-swagger-ui,5.11.1,MSC-2025-8024
koa2-swagger-ui,5.11.2,MSC-2025-8512
mcfly-semantic-release,1.3.1,MSC-2025-8149
mcp-knowledge-base,0.0.2,MSC-2025-8147
mcp-knowledge-graph,1.2.1,MSC-2025-8145
mobioffice-cli,1.0.3,MSC-2025-8143
monorepo-next,13.0.1,MSC-2025-8142
monorepo-next,13.0.2,MSC-2025-8513
mstate-angular,0.4.4,MSC-2025-8144
mstate-cli,0.4.7,MSC-2025-8146
mstate-dev-react,1.1.1,MSC-2025-8141
mstate-react,1.6.5,MSC-2025-8140
ng2-file-upload,7.0.2,MSC-2025-8113
ng2-file-upload,7.0.3,MSC-2025-8498
ng2-file-upload,8.0.1,MSC-2025-8104
ng2-file-upload,8.0.2,MSC-2025-8111
ng2-file-upload,8.0.3,MSC-2025-8106
ng2-file-upload,9.0.1,MSC-2025-8103
ngx-bootstrap,18.1.4,MSC-2025-8107
ngx-bootstrap,19.0.3,MSC-2025-8105
ngx-bootstrap,19.0.4,MSC-2025-8224
ngx-bootstrap,20.0.3,MSC-2025-8120
ngx-bootstrap,20.0.4,MSC-2025-8102
ngx-bootstrap,20.0.5,MSC-2025-8116
ngx-color,10.0.1,MSC-2025-8021
ngx-color,10.0.2,MSC-2025-8023
ngx-toastr,19.0.1,MSC-2025-8022
ngx-toastr,19.0.2,MSC-2025-8493
ngx-trend,8.0.1,MSC-2025-8005
ngx-ws,1.1.5,MSC-2025-8130
ngx-ws,1.1.6,MSC-2025-8139
oradm-to-gql,35.0.14,MSC-2025-8132
oradm-to-gql,35.0.15,MSC-2025-8134
oradm-to-sqlz,1.1.2,MSC-2025-8125
oradm-to-sqlz,1.1.3,MSC-2025-8131
oradm-to-sqlz,1.1.4,MSC-2025-8123
oradm-to-sqlz,1.1.5,MSC-2025-8129
ove-auto-annotate,0.0.9,MSC-2025-8138
ove-auto-annotate,0.0.10,MSC-2025-8121
pm2-gelf-json,1.0.4,MSC-2025-8127
pm2-gelf-json,1.0.5,MSC-2025-8126
printjs-rpk,1.6.1,MSC-2025-8124
react-complaint-image,0.0.32,MSC-2025-8015
react-jsonschema-form-conditionals,0.3.18,MSC-2025-8017
remark-preset-lint-crowdstrike,4.0.1,MSC-2025-8135
remark-preset-lint-crowdstrike,4.0.2,MSC-2025-8499
rxnt-authentication,0.0.3,MSC-2025-7997
rxnt-authentication,0.0.4,MSC-2025-7991
rxnt-authentication,0.0.5,MSC-2025-8500
rxnt-authentication,0.0.6,MSC-2025-8501
rxnt-healthchecks-nestjs,1.0.2,MSC-2025-7992
rxnt-healthchecks-nestjs,1.0.3,MSC-2025-7999
rxnt-healthchecks-nestjs,1.0.4,MSC-2025-7993
rxnt-healthchecks-nestjs,1.0.5,MSC-2025-7995
rxnt-kue,1.0.4,MSC-2025-7984
rxnt-kue,1.0.5,MSC-2025-7985
rxnt-kue,1.0.6,MSC-2025-7981
rxnt-kue,1.0.7,MSC-2025-7980
swc-plugin-component-annotate,1.9.1,MSC-2025-7987
swc-plugin-component-annotate,1.9.2,MSC-2025-7988
tbssnch,1.0.2,MSC-2025-8122
teselagen-interval-tree,1.1.2,MSC-2025-8128
tg-client-query-builder,2.14.4,MSC-2025-8136
tg-client-query-builder,2.14.5,MSC-2025-8137
tg-redbird,1.3.1,MSC-2025-8133
tg-seq-gen,1.0.9,MSC-2025-8109
tg-seq-gen,1.0.10,MSC-2025-8119
thangved-react-grid,1.0.3,MSC-2025-8108
ts-gaussian,3.0.5,MSC-2025-7983
ts-gaussian,3.0.6,MSC-2025-7986
ts-imports,1.0.1,MSC-2025-8115
ts-imports,1.0.2,MSC-2025-8117
tvi-cli,0.1.5,MSC-2025-8112
ve-bamreader,0.2.6,MSC-2025-8114
ve-editor,1.0.1,MSC-2025-8118
verror-extra,6.0.1,MSC-2025-8100
voip-callkit,1.0.2,MSC-2025-8098
voip-callkit,1.0.3,MSC-2025-8096
wdio-web-reporter,0.1.3,MSC-2025-8099
yargs-help-output,5.0.3,MSC-2025-8097
yoo-styles,6.0.326,MSC-2025-8101
@art-ws/fastify-http-server,2.0.27,MSC-2025-8523
@art-ws/http-server,2.0.25,MSC-2025-8522
@art-ws/openapi,0.1.12,MSC-2025-8521
@nativescript-community/text,1.6.13,MSC-2025-8028
@operato/input,9.0.47,MSC-2025-8539
@operato/input,9.0.48,MSC-2025-8526
@teselagen/bio-parsers,0.4.30,MSC-2025-8540
@teselagen/bio-parsers,0.4.29,MSC-2025-8531
@teselagen/file-utils,0.3.22,MSC-2025-8529
@teselagen/file-utils,0.3.21,MSC-2025-8532
@teselagen/ove,0.7.40,MSC-2025-8542
@teselagen/ove,0.7.39,MSC-2025-8534
@teselagen/sequence-utils,0.3.33,MSC-2025-8533
@teselagen/sequence-utils,0.3.34,MSC-2025-8538
@teselagen/ui,0.9.9,MSC-2025-8541
@teselagen/ui,0.9.10,MSC-2025-8527
another-shai,1.0.1,MSC-2025-8524
react-jsonschema-rxnt-extras,0.4.9,MSC-2025-8528
react-jsonschema-rxnt-extras,0.4.8,MSC-2025-8535
react-jsonschema-rxnt-extras,0.4.7,MSC-2025-8530
react-jsonschema-rxnt-extras,0.4.6,MSC-2025-8536
tg-redbird,1.3.2,MSC-2025-8525
ve-bamreader,0.2.7,MSC-2025-8537
ve-editor,1.0.2,MSC-2025-8553
@art-ws/db-context,2.0.24,MSC-2025-8550
@operato/board,9.0.35,MSC-2025-8554
@operato/board,9.0.47,MSC-2025-8551
@operato/board,9.0.48,MSC-2025-8548
@operato/board,9.0.49,MSC-2025-8543
@operato/board,9.0.50,MSC-2025-8546
@operato/board,9.0.51,MSC-2025-8544
@things-factory/attachment-base,9.0.42,MSC-2025-8545
@things-factory/auth-base,9.0.42,MSC-2025-8547
@things-factory/integration-base,9.0.42,MSC-2025-8549
@things-factory/shell,9.0.42,MSC-2025-8552
@nativescript-community/sentry,4.6.43,MSC-2025-8025
@nativescript-community/ui-material-core-tabs,7.2.76,MSC-2025-8032
json-rules-engine-simplified,0.2.4,MSC-2025-8020
react-complaint-image,0.0.35,MSC-2025-8007
react-jsonschema-form-conditionals,0.3.21,MSC-2025-8000
react-jsonschema-form-extras,1.0.4,MSC-2025-7996
@nativescript-community/ui-material-core,7.2.76,MSC-2025-8043
json-rules-engine-simplified,0.2.3,MSC-2025-8019
json-rules-engine-simplified,0.2.2,MSC-2025-8008
json-rules-engine-simplified,0.2.0,MSC-2025-8014
ngx-bootstrap,20.0.6,MSC-2025-8110
react-complaint-image,0.0.33,MSC-2025-8010
react-complaint-image,0.0.34,MSC-2025-8012
react-jsonschema-form-conditionals,0.3.20,MSC-2025-8013
react-jsonschema-form-conditionals,0.3.19,MSC-2025-8009
react-jsonschema-form-extras,1.0.3,MSC-2025-7998
react-jsonschema-form-extras,1.0.2,MSC-2025-8016
react-jsonschema-form-extras,1.0.1,MSC-2025-8004
@basic-ui-components-stc/basic-ui-components,1.0.5,MSC-2025-8555
devextreme-rpk,21.2.8,MSC-2025-8557
@nativescript-community/perms,3.0.9,MSC-2025-8558
@things-factory/integration-marketplace,9.0.42,MSC-2025-8556
@ui-ux-gang/devextreme-rpk,24.1.7,MSC-2025-8559
@nstudio/xplat-utils,20.0.4,MSC-2025-8560
ng-imports-checker,0.0.9,MSC-2025-8563
ng-imports-checker,0.0.10,MSC-2025-8561
@nstudio/xplat,20.0.4,MSC-2025-8564
ace-colorpicker-rpk,0.0.14,MSC-2025-8562
@art-ws/common,2.0.28,MSC-2025-8565
@art-ws/di,2.0.32,MSC-2025-8566
@art-ws/slf,2.0.22,MSC-2025-8567
@crowdstrike/falcon-shoelace,0.4.2,MSC-2025-8568